% 
%                  Monthly          Annual          Five-year        Ten-year        Twenty-year
% Year, Month,  Anomaly, Unc.,   Anomaly, Unc.,   Anomaly, Unc.,   Anomaly, Unc.,   Anomaly, Unc.
 
  1850     1    -0.274  0.537       NaN    NaN       NaN    NaN       NaN    NaN       NaN    NaN
  1850     2    -0.609  0.516       NaN    NaN       NaN    NaN       NaN    NaN       NaN    NaN
  1850     3    -0.251  0.302       NaN    NaN       NaN    NaN       NaN    NaN       NaN    NaN
  1850     4    -0.328  0.455       NaN    NaN       NaN    NaN       NaN    NaN       NaN    NaN
  1850     5    -0.370  0.305       NaN    NaN       NaN    NaN       NaN    NaN       NaN    NaN
  1850     6    -0.439  0.399    -0.324  0.192       NaN    NaN       NaN    NaN       NaN    NaN
  1850     7    -0.270  0.414    -0.320  0.194       NaN    NaN       NaN    NaN       NaN    NaN
  1850     8    -0.101  0.445    -0.304  0.194       NaN    NaN       NaN    NaN       NaN    NaN
  1850     9    -0.425  0.351    -0.313  0.185       NaN    NaN       NaN    NaN       NaN    NaN
  1850    10    -0.301  0.220    -0.330  0.194       NaN    NaN       NaN    NaN       NaN    NaN
  1850    11    -0.089  0.283    -0.326  0.213       NaN    NaN       NaN    NaN       NaN    NaN
  1850    12    -0.436  0.360    -0.312  0.225       NaN    NaN       NaN    NaN       NaN    NaN
  1851     1    -0.226  0.470    -0.297  0.205       NaN    NaN       NaN    NaN       NaN    NaN
  1851     2    -0.415  0.623    -0.304  0.200       NaN    NaN       NaN    NaN       NaN    NaN
  1851     3    -0.357  0.483    -0.326  0.188       NaN    NaN       NaN    NaN       NaN    NaN
  1851     4    -0.534  0.533    -0.313  0.204       NaN    NaN       NaN    NaN       NaN    NaN
  1851     5    -0.318  0.449    -0.325  0.211       NaN    NaN       NaN    NaN       NaN    NaN
  1851     6    -0.269  0.551    -0.317  0.206       NaN    NaN       NaN    NaN       NaN    NaN
  1851     7    -0.087  0.446    -0.345  0.205       NaN    NaN       NaN    NaN       NaN    NaN
  1851     8    -0.187  0.369    -0.345  0.217       NaN    NaN       NaN    NaN       NaN    NaN
  1851     9    -0.698  0.463    -0.362  0.219       NaN    NaN       NaN    NaN       NaN    NaN
  1851    10    -0.145  0.315    -0.379  0.233       NaN    NaN       NaN    NaN       NaN    NaN
  1851    11    -0.233  0.361    -0.365  0.238       NaN    NaN       NaN    NaN       NaN    NaN
  1851    12    -0.332  0.337    -0.338  0.229       NaN    NaN       NaN    NaN       NaN    NaN
  1852     1    -0.558  0.653    -0.319  0.241       NaN    NaN       NaN    NaN       NaN    NaN
  1852     2    -0.416  0.554    -0.301  0.240       NaN    NaN       NaN    NaN       NaN    NaN
  1852     3    -0.563  0.459    -0.240  0.250       NaN    NaN       NaN    NaN       NaN    NaN
  1852     4    -0.735  0.529    -0.251  0.234       NaN    NaN       NaN    NaN       NaN    NaN
  1852     5    -0.162  0.567    -0.240  0.231       NaN    NaN       NaN    NaN       NaN    NaN
  1852     6     0.054  0.478    -0.223  0.253    -0.254  0.176       NaN    NaN       NaN    NaN
  1852     7     0.144  0.376    -0.218  0.248    -0.252  0.176       NaN    NaN       NaN    NaN
  1852     8     0.037  0.459    -0.200  0.227    -0.245  0.180       NaN    NaN       NaN    NaN
  1852     9     0.028  0.354    -0.157  0.220    -0.242  0.182       NaN    NaN       NaN    NaN
  1852    10    -0.282  0.261    -0.109  0.235    -0.241  0.186       NaN    NaN       NaN    NaN
  1852    11    -0.097  0.457    -0.096  0.234    -0.236  0.188       NaN    NaN       NaN    NaN
  1852    12    -0.122  0.505    -0.097  0.222    -0.233  0.187       NaN    NaN       NaN    NaN
  1853     1    -0.499  0.480    -0.118  0.198    -0.234  0.184       NaN    NaN       NaN    NaN
  1853     2    -0.209  0.550    -0.136  0.186    -0.233  0.183       NaN    NaN       NaN    NaN
  1853     3    -0.037  0.487    -0.146  0.173    -0.228  0.182       NaN    NaN       NaN    NaN
  1853     4    -0.168  0.564    -0.142  0.189    -0.225  0.186       NaN    NaN       NaN    NaN
  1853     5    -0.007  0.500    -0.161  0.195    -0.227  0.194       NaN    NaN       NaN    NaN
  1853     6     0.050  0.291    -0.159  0.213    -0.228  0.197       NaN    NaN       NaN    NaN
  1853     7    -0.108  0.261    -0.150  0.187    -0.230  0.197       NaN    NaN       NaN    NaN
  1853     8    -0.177  0.309    -0.181  0.183    -0.230  0.203       NaN    NaN       NaN    NaN
  1853     9    -0.098  0.167    -0.193  0.204    -0.228  0.206       NaN    NaN       NaN    NaN
  1853    10    -0.233  0.308    -0.204  0.193    -0.227  0.208       NaN    NaN       NaN    NaN
  1853    11    -0.319  0.276    -0.227  0.184    -0.223  0.211       NaN    NaN       NaN    NaN
  1853    12    -0.106  0.437    -0.267  0.192    -0.222  0.207       NaN    NaN       NaN    NaN
  1854     1    -0.391  0.620    -0.279  0.205    -0.224  0.210       NaN    NaN       NaN    NaN
  1854     2    -0.579  0.609    -0.272  0.217    -0.230  0.207       NaN    NaN       NaN    NaN
  1854     3    -0.174  0.398    -0.285  0.212    -0.226  0.208       NaN    NaN       NaN    NaN
  1854     4    -0.304  0.473    -0.274  0.210    -0.232  0.208       NaN    NaN       NaN    NaN
  1854     5    -0.287  0.376    -0.251  0.214    -0.237  0.212       NaN    NaN       NaN    NaN
  1854     6    -0.424  0.269    -0.248  0.228    -0.245  0.215       NaN    NaN       NaN    NaN
  1854     7    -0.252  0.404    -0.229  0.228    -0.242  0.223       NaN    NaN       NaN    NaN
  1854     8    -0.094  0.383    -0.195  0.233    -0.246  0.224       NaN    NaN       NaN    NaN
  1854     9    -0.252  0.232    -0.188  0.235    -0.250  0.221       NaN    NaN       NaN    NaN
  1854    10    -0.104  0.250    -0.183  0.256    -0.248  0.219       NaN    NaN       NaN    NaN
  1854    11    -0.042  0.406    -0.165  0.278    -0.252  0.216       NaN    NaN       NaN    NaN
  1854    12    -0.075  0.604    -0.152  0.277    -0.257  0.212    -0.319  0.198       NaN    NaN
  1855     1    -0.157  0.486    -0.157  0.276    -0.271  0.211    -0.321  0.197       NaN    NaN
  1855     2    -0.172  0.770    -0.155  0.284    -0.280  0.207    -0.318  0.199       NaN    NaN
  1855     3    -0.096  0.354    -0.145  0.288    -0.288  0.208    -0.318  0.200       NaN    NaN
  1855     4    -0.242  0.636    -0.145  0.301    -0.292  0.208    -0.317  0.200       NaN    NaN
  1855     5    -0.074  0.496    -0.159  0.329    -0.297  0.218    -0.316  0.200       NaN    NaN
  1855     6    -0.269  0.283    -0.195  0.303    -0.306  0.222    -0.314  0.200       NaN    NaN
  1855     7    -0.310  0.284    -0.210  0.287    -0.309  0.224    -0.313  0.200       NaN    NaN
  1855     8    -0.071  0.395    -0.231  0.295    -0.313  0.227    -0.315  0.199       NaN    NaN
  1855     9    -0.127  0.160    -0.240  0.303    -0.320  0.228    -0.312  0.198       NaN    NaN
  1855    10    -0.108  0.463    -0.260  0.282    -0.323  0.223    -0.314  0.198       NaN    NaN
  1855    11    -0.203  0.542    -0.262  0.294    -0.330  0.221    -0.316  0.199       NaN    NaN
  1855    12    -0.512  0.489    -0.254  0.294    -0.338  0.222    -0.316  0.200       NaN    NaN
  1856     1    -0.340  0.477    -0.246  0.304    -0.344  0.223    -0.319  0.200       NaN    NaN
  1856     2    -0.420  0.566    -0.289  0.292    -0.345  0.222    -0.324  0.203       NaN    NaN
  1856     3    -0.198  0.538    -0.313  0.293    -0.348  0.222    -0.324  0.204       NaN    NaN
  1856     4    -0.491  0.547    -0.345  0.283    -0.349  0.219    -0.321  0.202       NaN    NaN
  1856     5    -0.095  0.517    -0.373  0.264    -0.355  0.218    -0.322  0.201       NaN    NaN
  1856     6    -0.168  0.258    -0.402  0.261    -0.363  0.217    -0.321  0.200       NaN    NaN
  1856     7    -0.224  0.251    -0.403  0.279    -0.365  0.223    -0.320  0.199       NaN    NaN
  1856     8    -0.580  0.349    -0.424  0.276    -0.366  0.225    -0.319  0.198       NaN    NaN
  1856     9    -0.422  0.269    -0.471  0.258    -0.371  0.226    -0.314  0.198       NaN    NaN
  1856    10    -0.491  0.364    -0.483  0.253    -0.370  0.225    -0.316  0.197       NaN    NaN
  1856    11    -0.530  0.565    -0.510  0.238    -0.366  0.225    -0.315  0.198       NaN    NaN
  1856    12    -0.862  0.655    -0.515  0.238    -0.361  0.226    -0.318  0.197       NaN    NaN
  1857     1    -0.352  0.709    -0.556  0.230    -0.362  0.226    -0.319  0.198       NaN    NaN
  1857     2    -0.674  0.515    -0.549  0.224    -0.363  0.224    -0.324  0.199       NaN    NaN
  1857     3    -0.764  0.281    -0.548  0.241    -0.371  0.228    -0.324  0.198       NaN    NaN
  1857     4    -0.638  0.313    -0.552  0.231    -0.374  0.226    -0.323  0.198       NaN    NaN
  1857     5    -0.419  0.340    -0.544  0.247    -0.381  0.225    -0.324  0.197       NaN    NaN
  1857     6    -0.230  0.443    -0.525  0.274    -0.383  0.229    -0.327  0.196       NaN    NaN
  1857     7    -0.711  0.365    -0.553  0.257    -0.390  0.226    -0.330  0.195       NaN    NaN
  1857     8    -0.493  0.297    -0.533  0.240    -0.390  0.227    -0.333  0.196       NaN    NaN
  1857     9    -0.417  0.439    -0.507  0.246    -0.394  0.228    -0.336  0.197       NaN    NaN
  1857    10    -0.530  0.208    -0.486  0.235    -0.394  0.225    -0.336  0.198       NaN    NaN
  1857    11    -0.435  0.575    -0.483  0.255    -0.396  0.222    -0.341  0.199       NaN    NaN
  1857    12    -0.642  0.663    -0.502  0.245    -0.395  0.222    -0.348  0.201       NaN    NaN
  1858     1    -0.689  0.525    -0.482  0.246    -0.393  0.227    -0.348  0.204       NaN    NaN
  1858     2    -0.424  0.631    -0.460  0.256    -0.396  0.227    -0.351  0.207       NaN    NaN
  1858     3    -0.455  0.447    -0.449  0.240    -0.395  0.225    -0.353  0.206       NaN    NaN
  1858     4    -0.389  0.392    -0.430  0.234    -0.402  0.222    -0.353  0.202       NaN    NaN
  1858     5    -0.377  0.496    -0.449  0.203    -0.405  0.220    -0.354  0.200       NaN    NaN
  1858     6    -0.464  0.340    -0.443  0.186    -0.403  0.217    -0.358  0.199       NaN    NaN
  1858     7    -0.467  0.370    -0.431  0.195    -0.407  0.219    -0.359  0.198       NaN    NaN
  1858     8    -0.231  0.233    -0.449  0.189    -0.417  0.219    -0.361  0.197       NaN    NaN
  1858     9    -0.279  0.380    -0.450  0.211    -0.421  0.219    -0.365  0.198       NaN    NaN
  1858    10    -0.314  0.177    -0.440  0.212    -0.414  0.213    -0.366  0.199       NaN    NaN
  1858    11    -0.659  0.426    -0.411  0.207    -0.420  0.208    -0.367  0.199       NaN    NaN
  1858    12    -0.574  0.448    -0.380  0.220    -0.420  0.209    -0.370  0.198       NaN    NaN
  1859     1    -0.542  0.508    -0.369  0.226    -0.416  0.205    -0.372  0.200       NaN    NaN
  1859     2    -0.639  0.462    -0.364  0.231    -0.407  0.206    -0.372  0.200       NaN    NaN
  1859     3    -0.464  0.616    -0.398  0.232    -0.403  0.204    -0.375  0.199       NaN    NaN
  1859     4    -0.266  0.307    -0.395  0.242    -0.401  0.203    -0.378  0.198       NaN    NaN
  1859     5    -0.029  0.352    -0.379  0.248    -0.393  0.205    -0.378  0.196       NaN    NaN
  1859     6    -0.091  0.438    -0.351  0.277    -0.391  0.199    -0.374  0.195       NaN    NaN
  1859     7    -0.343  0.263    -0.351  0.272    -0.397  0.196    -0.372  0.196       NaN    NaN
  1859     8    -0.169  0.358    -0.315  0.293    -0.401  0.198    -0.373  0.196       NaN    NaN
  1859     9    -0.687  0.341    -0.303  0.302    -0.399  0.201    -0.374  0.197       NaN    NaN
  1859    10    -0.282  0.533    -0.299  0.318    -0.399  0.204    -0.376  0.197       NaN    NaN
  1859    11    -0.463  0.375    -0.315  0.309    -0.395  0.208    -0.379  0.198       NaN    NaN
  1859    12    -0.236  0.758    -0.326  0.304    -0.397  0.208    -0.380  0.195    -0.303  0.158
  1860     1    -0.549  0.486    -0.311  0.318    -0.388  0.208    -0.379  0.194    -0.303  0.158
  1860     2    -0.199  0.562    -0.319  0.308    -0.385  0.213    -0.379  0.193    -0.302  0.158
  1860     3    -0.321  0.577    -0.268  0.292    -0.384  0.214    -0.379  0.194    -0.303  0.158
  1860     4    -0.221  0.374    -0.287  0.266    -0.381  0.215    -0.381  0.192    -0.302  0.158
  1860     5    -0.217  0.346    -0.283  0.268    -0.384  0.211    -0.382  0.192    -0.302  0.159
  1860     6    -0.221  0.351    -0.294  0.232    -0.389  0.213    -0.379  0.191    -0.301  0.158
  1860     7    -0.170  0.533    -0.295  0.240    -0.387  0.218    -0.374  0.191    -0.300  0.158
  1860     8    -0.258  0.325    -0.364  0.246    -0.389  0.223    -0.374  0.189    -0.300  0.157
  1860     9    -0.081  0.234    -0.374  0.237    -0.387  0.221    -0.374  0.190    -0.300  0.156
  1860    10    -0.510  0.391    -0.364  0.221    -0.382  0.217    -0.376  0.188    -0.301  0.155
  1860    11    -0.406  0.356    -0.380  0.227    -0.378  0.214    -0.376  0.188    -0.303  0.155
  1860    12    -0.374  0.275    -0.376  0.236    -0.377  0.211    -0.373  0.190    -0.303  0.155
  1861     1    -0.559  0.589    -0.364  0.217    -0.374  0.210    -0.372  0.191    -0.304  0.155
  1861     2    -1.027  0.568    -0.345  0.219    -0.378  0.211    -0.371  0.193    -0.305  0.156
  1861     3    -0.448  0.519    -0.349  0.210    -0.381  0.214    -0.371  0.190    -0.305  0.157
  1861     4    -0.091  0.362    -0.340  0.204    -0.383  0.215    -0.368  0.187    -0.303  0.156
  1861     5    -0.418  0.479    -0.313  0.211    -0.379  0.214    -0.372  0.182    -0.301  0.155
  1861     6    -0.167  0.428    -0.339  0.222    -0.377  0.213    -0.371  0.181    -0.300  0.155
  1861     7    -0.024  0.229    -0.354  0.207    -0.379  0.213    -0.369  0.182    -0.300  0.156
  1861     8    -0.039  0.270    -0.345  0.209    -0.377  0.214    -0.366  0.182    -0.299  0.154
  1861     9    -0.130  0.168    -0.361  0.211    -0.379  0.209    -0.365  0.182    -0.298  0.155
  1861    10    -0.401  0.405    -0.406  0.246    -0.386  0.210    -0.363  0.181    -0.299  0.154
  1861    11    -0.074  0.427    -0.385  0.250    -0.390  0.208    -0.359  0.185    -0.299  0.154
  1861    12    -0.689  0.502    -0.402  0.229    -0.388  0.203    -0.353  0.182    -0.298  0.155
  1862     1    -0.739  0.422    -0.416  0.239    -0.381  0.203    -0.353  0.177    -0.296  0.155
  1862     2    -0.920  0.609    -0.437  0.259    -0.382  0.204    -0.353  0.178    -0.296  0.155
  1862     3    -0.643  0.430    -0.456  0.274    -0.377  0.203    -0.350  0.179    -0.295  0.154
  1862     4    -0.628  0.593    -0.450  0.274    -0.379  0.197    -0.348  0.179    -0.294  0.152
  1862     5    -0.172  0.481    -0.498  0.254    -0.377  0.200    -0.347  0.177    -0.293  0.151
  1862     6    -0.369  0.341    -0.519  0.296    -0.377  0.188    -0.346  0.176    -0.294  0.150
  1862     7    -0.191  0.186    -0.506  0.304    -0.368  0.187    -0.341  0.175    -0.294  0.150
  1862     8    -0.286  0.419    -0.472  0.301    -0.367  0.184    -0.340  0.176    -0.294  0.150
  1862     9    -0.362  0.370    -0.447  0.289    -0.364  0.183    -0.339  0.176    -0.294  0.150
  1862    10    -0.326  0.281    -0.403  0.243    -0.368  0.183    -0.336  0.176    -0.295  0.149
  1862    11    -0.645  0.736    -0.397  0.223    -0.368  0.185    -0.334  0.175    -0.296  0.150
  1862    12    -0.946  0.653    -0.403  0.200    -0.363  0.184    -0.333  0.176    -0.297  0.149
  1863     1    -0.581  0.623    -0.408  0.203    -0.356  0.177    -0.329  0.178    -0.296  0.150
  1863     2    -0.513  0.525    -0.423  0.198    -0.353  0.176    -0.330  0.181    -0.296  0.150
  1863     3    -0.342  0.469    -0.435  0.203    -0.354  0.179    -0.328  0.180    -0.297  0.151
  1863     4    -0.108  0.468    -0.443  0.209    -0.351  0.179    -0.326  0.180    -0.298  0.150
  1863     5    -0.098  0.372    -0.425  0.219    -0.346  0.181    -0.323  0.179    -0.299  0.149
  1863     6    -0.437  0.429    -0.382  0.214    -0.343  0.188    -0.319  0.179    -0.300  0.149
  1863     7    -0.255  0.337    -0.390  0.188    -0.338  0.185    -0.314  0.178    -0.300  0.148
  1863     8    -0.462  0.358    -0.391  0.171    -0.324  0.186    -0.312  0.178    -0.299  0.148
  1863     9    -0.509  0.295    -0.409  0.171    -0.321  0.181    -0.312  0.178    -0.300  0.147
  1863    10    -0.423  0.487    -0.459  0.176    -0.323  0.180    -0.309  0.176    -0.301  0.147
  1863    11    -0.429  0.416    -0.471  0.161    -0.324  0.175    -0.304  0.175    -0.301  0.147
  1863    12    -0.430  0.532    -0.433  0.154    -0.323  0.171    -0.300  0.176    -0.302  0.145
  1864     1    -0.676  0.306    -0.405  0.168    -0.321  0.173    -0.297  0.178    -0.301  0.146
  1864     2    -0.525  0.525    -0.388  0.169    -0.324  0.172    -0.293  0.181    -0.301  0.146
  1864     3    -0.558  0.504    -0.377  0.167    -0.327  0.173    -0.293  0.180    -0.302  0.146
  1864     4    -0.711  0.470    -0.375  0.157    -0.325  0.172    -0.294  0.181    -0.303  0.144
  1864     5    -0.239  0.331    -0.365  0.158    -0.325  0.174    -0.293  0.180    -0.303  0.144
  1864     6     0.021  0.280    -0.350  0.139    -0.315  0.173    -0.292  0.179    -0.303  0.144
  1864     7     0.082  0.325    -0.297  0.154    -0.309  0.166    -0.291  0.178    -0.304  0.143
  1864     8    -0.258  0.447    -0.265  0.169    -0.305  0.167    -0.292  0.176    -0.304  0.142
  1864     9    -0.382  0.422    -0.229  0.214    -0.300  0.165    -0.288  0.175    -0.304  0.143
  1864    10    -0.397  0.483    -0.207  0.236    -0.296  0.161    -0.289  0.172    -0.305  0.142
  1864    11    -0.306  0.576    -0.208  0.243    -0.299  0.153    -0.285  0.172    -0.307  0.143
  1864    12    -0.247  0.597    -0.201  0.251    -0.295  0.151    -0.287  0.169    -0.308  0.142
  1865     1    -0.048  0.589    -0.185  0.234    -0.293  0.149    -0.286  0.169    -0.309  0.141
  1865     2    -0.141  0.527    -0.171  0.214    -0.296  0.147    -0.287  0.167    -0.309  0.140
  1865     3    -0.123  0.655    -0.149  0.212    -0.294  0.148    -0.287  0.165    -0.311  0.140
  1865     4    -0.450  0.606    -0.144  0.232    -0.291  0.146    -0.287  0.164    -0.312  0.139
  1865     5    -0.247  0.290    -0.131  0.225    -0.284  0.147    -0.288  0.164    -0.312  0.139
  1865     6     0.108  0.367    -0.124  0.263    -0.276  0.147    -0.287  0.163    -0.312  0.140
  1865     7     0.265  0.353    -0.141  0.259    -0.271  0.144    -0.286  0.161    -0.311  0.140
  1865     8    -0.079  0.277    -0.148  0.271    -0.271  0.148    -0.286  0.161    -0.311  0.139
  1865     9    -0.126  0.391    -0.156  0.244    -0.269  0.150    -0.289  0.161    -0.312  0.139
  1865    10    -0.336  0.383    -0.137  0.216    -0.270  0.151    -0.288  0.159    -0.311  0.139
  1865    11    -0.152  0.488    -0.156  0.180    -0.269  0.152    -0.289  0.158    -0.312  0.139
  1865    12    -0.153  0.735    -0.176  0.173    -0.261  0.156    -0.290  0.159    -0.311  0.138
  1866     1    -0.254  0.410    -0.191  0.181    -0.255  0.156    -0.289  0.157    -0.311  0.139
  1866     2    -0.228  0.490    -0.200  0.191    -0.247  0.154    -0.286  0.156    -0.311  0.139
  1866     3    -0.224  0.503    -0.218  0.188    -0.243  0.152    -0.285  0.157    -0.311  0.138
  1866     4    -0.216  0.303    -0.210  0.203    -0.235  0.147    -0.285  0.156    -0.310  0.136
  1866     5    -0.479  0.316    -0.206  0.197    -0.228  0.148    -0.281  0.154    -0.312  0.135
  1866     6    -0.134  0.388    -0.200  0.183    -0.222  0.151    -0.279  0.152    -0.313  0.135
  1866     7     0.087  0.339    -0.213  0.180    -0.215  0.155    -0.279  0.152    -0.312  0.134
  1866     8    -0.182  0.435    -0.251  0.182    -0.209  0.160    -0.279  0.150    -0.311  0.133
  1866     9    -0.342  0.384    -0.259  0.211    -0.208  0.163    -0.282  0.150    -0.310  0.132
  1866    10    -0.247  0.332    -0.274  0.196    -0.201  0.167    -0.281  0.149    -0.309  0.132
  1866    11    -0.101  0.574    -0.263  0.185    -0.195  0.167    -0.282  0.149    -0.308  0.133
  1866    12    -0.083  0.430    -0.262  0.176    -0.197  0.170    -0.278  0.149    -0.306  0.131
  1867     1    -0.406  0.656    -0.277  0.173    -0.201  0.168    -0.273  0.150    -0.305  0.131
  1867     2    -0.683  0.721    -0.296  0.175    -0.201  0.164    -0.269  0.150    -0.302  0.131
  1867     3    -0.326  0.629    -0.288  0.197    -0.200  0.164    -0.266  0.147    -0.299  0.131
  1867     4    -0.388  0.543    -0.284  0.201    -0.199  0.166    -0.264  0.145    -0.296  0.131
  1867     5    -0.350  0.448    -0.294  0.216    -0.194  0.163    -0.262  0.141    -0.294  0.130
  1867     6    -0.123  0.368    -0.324  0.219    -0.197  0.168    -0.260  0.141    -0.294  0.130
  1867     7    -0.091  0.558    -0.314  0.246    -0.203  0.172    -0.258  0.140    -0.290  0.129
  1867     8    -0.417  0.411    -0.298  0.257    -0.207  0.172    -0.255  0.139    -0.287  0.129
  1867     9    -0.246  0.379    -0.290  0.235    -0.210  0.172    -0.253  0.140    -0.286  0.129
  1867    10    -0.190  0.316    -0.271  0.221    -0.206  0.169    -0.253  0.137    -0.284  0.129
  1867    11    -0.223  0.282    -0.248  0.235    -0.208  0.165    -0.251  0.134    -0.281  0.129
  1867    12    -0.450  0.768    -0.234  0.233    -0.212  0.163    -0.246  0.131    -0.278  0.128
  1868     1    -0.288  0.517    -0.218  0.231    -0.217  0.165    -0.244  0.130    -0.276  0.127
  1868     2    -0.483  0.524    -0.180  0.231    -0.219  0.167    -0.242  0.129    -0.273  0.128
  1868     3    -0.237  0.421    -0.182  0.236    -0.224  0.165    -0.241  0.129    -0.269  0.128
  1868     4    -0.158  0.472    -0.163  0.236    -0.226  0.163    -0.243  0.130    -0.266  0.127
  1868     5    -0.071  0.298    -0.144  0.242    -0.231  0.160    -0.244  0.129    -0.264  0.126
  1868     6     0.043  0.269    -0.113  0.231    -0.238  0.154    -0.242  0.131    -0.262  0.126
  1868     7     0.107  0.272    -0.111  0.247    -0.241  0.151    -0.241  0.130    -0.259  0.125
  1868     8     0.034  0.447    -0.085  0.233    -0.247  0.149    -0.238  0.129    -0.258  0.125
  1868     9    -0.265  0.465    -0.103  0.244    -0.249  0.155    -0.236  0.127    -0.257  0.126
  1868    10     0.033  0.278    -0.116  0.245    -0.248  0.153    -0.235  0.124    -0.256  0.126
  1868    11     0.002  0.384    -0.101  0.238    -0.239  0.153    -0.234  0.124    -0.254  0.125
  1868    12    -0.068  0.491    -0.110  0.241    -0.236  0.150    -0.234  0.123    -0.251  0.125
  1869     1    -0.269  0.581    -0.136  0.238    -0.237  0.146    -0.230  0.125    -0.249  0.124
  1869     2    -0.169  0.394    -0.157  0.214    -0.235  0.142    -0.230  0.127    -0.247  0.124
  1869     3    -0.460  0.894    -0.161  0.215    -0.236  0.141    -0.229  0.127    -0.245  0.123
  1869     4    -0.303  0.366    -0.193  0.219    -0.238  0.138    -0.227  0.127    -0.245  0.124
  1869     5     0.098  0.275    -0.194  0.222    -0.240  0.138    -0.228  0.126    -0.245  0.123
  1869     6    -0.061  0.260    -0.226  0.233    -0.241  0.139    -0.233  0.128    -0.245  0.122
  1869     7    -0.203  0.284    -0.234  0.210    -0.237  0.146    -0.236  0.126    -0.245  0.122
  1869     8    -0.224  0.343    -0.253  0.215    -0.232  0.146    -0.236  0.125    -0.245  0.120
  1869     9    -0.302  0.435    -0.239  0.200    -0.232  0.142    -0.234  0.125    -0.244  0.120
  1869    10    -0.352  0.173    -0.234  0.208    -0.232  0.144    -0.234  0.128    -0.243  0.118
  1869    11    -0.011  0.345    -0.271  0.203    -0.225  0.146    -0.235  0.126    -0.242  0.118
  1869    12    -0.452  0.427    -0.277  0.207    -0.225  0.147    -0.237  0.125    -0.243  0.117
  1870     1    -0.375  0.381    -0.261  0.202    -0.223  0.149    -0.238  0.125    -0.243  0.116
  1870     2    -0.387  0.378    -0.259  0.202    -0.214  0.149    -0.239  0.123    -0.245  0.115
  1870     3    -0.302  0.443    -0.272  0.204    -0.212  0.150    -0.243  0.123    -0.245  0.114
  1870     4    -0.238  0.362    -0.278  0.202    -0.215  0.149    -0.242  0.119    -0.245  0.113
  1870     5    -0.347  0.165    -0.319  0.192    -0.217  0.147    -0.242  0.117    -0.245  0.113
  1870     6    -0.131  0.272    -0.328  0.192    -0.216  0.142    -0.244  0.117    -0.244  0.113
  1870     7    -0.017  0.267    -0.333  0.184    -0.216  0.139    -0.248  0.118    -0.245  0.112
  1870     8    -0.193  0.325    -0.349  0.188    -0.214  0.133    -0.248  0.118    -0.244  0.112
  1870     9    -0.456  0.352    -0.352  0.170    -0.214  0.131    -0.249  0.117    -0.246  0.112
  1870    10    -0.433  0.266    -0.346  0.161    -0.217  0.132    -0.246  0.117    -0.244  0.111
  1870    11    -0.495  0.366    -0.311  0.153    -0.218  0.130    -0.247  0.116    -0.243  0.110
  1870    12    -0.558  0.429    -0.296  0.150    -0.222  0.130    -0.250  0.112    -0.242  0.110
  1871     1    -0.434  0.545    -0.293  0.161    -0.227  0.129    -0.251  0.112    -0.241  0.109
  1871     2    -0.583  0.338    -0.282  0.136    -0.228  0.125    -0.251  0.110    -0.236  0.107
  1871     3    -0.338  0.460    -0.279  0.125    -0.230  0.122    -0.251  0.112    -0.235  0.106
  1871     4    -0.172  0.364    -0.271  0.138    -0.236  0.122    -0.252  0.110    -0.235  0.105
  1871     5     0.077  0.339    -0.247  0.147    -0.240  0.121    -0.253  0.112    -0.232  0.105
  1871     6     0.048  0.214    -0.215  0.156    -0.245  0.116    -0.254  0.111    -0.233  0.104
  1871     7     0.028  0.388    -0.191  0.162    -0.245  0.117    -0.255  0.110    -0.233  0.104
  1871     8    -0.067  0.217    -0.175  0.173    -0.251  0.116    -0.256  0.108    -0.233  0.104
  1871     9    -0.415  0.313    -0.175  0.160    -0.251  0.113    -0.255  0.107    -0.234  0.104
  1871    10    -0.346  0.258    -0.191  0.171    -0.253  0.110    -0.254  0.106    -0.233  0.104
  1871    11    -0.203  0.372    -0.193  0.165    -0.261  0.107    -0.256  0.105    -0.234  0.103
  1871    12    -0.173  0.297    -0.210  0.163    -0.269  0.105    -0.259  0.105    -0.233  0.103
  1872     1    -0.144  0.467    -0.207  0.151    -0.271  0.102    -0.256  0.109    -0.230  0.103
  1872     2    -0.390  0.496    -0.189  0.169    -0.271  0.101    -0.251  0.108    -0.227  0.103
  1872     3    -0.347  0.349    -0.168  0.155    -0.268  0.104    -0.248  0.107    -0.225  0.101
  1872     4    -0.355  0.315    -0.168  0.145    -0.270  0.106    -0.245  0.106    -0.224  0.100
  1872     5     0.055  0.317    -0.183  0.129    -0.277  0.106    -0.242  0.108    -0.223  0.099
  1872     6    -0.160  0.194    -0.200  0.145    -0.276  0.102    -0.241  0.107    -0.223  0.099
  1872     7     0.068  0.276    -0.212  0.155    -0.274  0.098    -0.239  0.107    -0.223  0.099
  1872     8     0.143  0.345    -0.207  0.147    -0.271  0.095    -0.235  0.106    -0.223  0.098
  1872     9    -0.167  0.261    -0.198  0.131    -0.277  0.093    -0.232  0.106    -0.222  0.098
  1872    10    -0.339  0.210    -0.197  0.118    -0.279  0.092    -0.231  0.107    -0.222  0.098
  1872    11    -0.382  0.218    -0.216  0.109    -0.276  0.094    -0.229  0.106    -0.220  0.097
  1872    12    -0.375  0.383    -0.216  0.099    -0.277  0.094    -0.224  0.101    -0.218  0.096
  1873     1    -0.291  0.520    -0.236  0.102    -0.279  0.094    -0.222  0.098    -0.217  0.094
  1873     2    -0.326  0.396    -0.255  0.103    -0.278  0.090    -0.216  0.095    -0.217  0.094
  1873     3    -0.241  0.376    -0.268  0.085    -0.273  0.089    -0.210  0.094    -0.216  0.094
  1873     4    -0.344  0.269    -0.268  0.092    -0.267  0.094    -0.206  0.094    -0.216  0.096
  1873     5    -0.174  0.136    -0.258  0.120    -0.263  0.096    -0.205  0.093    -0.217  0.096
  1873     6    -0.159  0.269    -0.258  0.121    -0.262  0.092    -0.204  0.093    -0.215  0.097
  1873     7    -0.177  0.226    -0.254  0.139    -0.260  0.095    -0.204  0.093    -0.215  0.096
  1873     8    -0.080  0.283    -0.270  0.144    -0.256  0.094    -0.204  0.091    -0.215  0.095
  1873     9    -0.333  0.337    -0.290  0.154    -0.254  0.090    -0.202  0.090    -0.214  0.094
  1873    10    -0.330  0.197    -0.298  0.137    -0.257  0.090    -0.203  0.090    -0.214  0.093
  1873    11    -0.271  0.314    -0.312  0.125    -0.267  0.093    -0.203  0.090    -0.214  0.093
  1873    12    -0.366  0.233    -0.344  0.114    -0.273  0.092    -0.203  0.087    -0.214  0.093
  1874     1    -0.246  0.620    -0.359  0.117    -0.274  0.092    -0.201  0.084    -0.213  0.092
  1874     2    -0.521  0.396    -0.371  0.102    -0.277  0.093    -0.200  0.082    -0.211  0.091
  1874     3    -0.483  0.339    -0.353  0.108    -0.275  0.089    -0.197  0.084    -0.211  0.091
  1874     4    -0.436  0.305    -0.365  0.124    -0.271  0.089    -0.196  0.084    -0.210  0.092
  1874     5    -0.345  0.194    -0.378  0.122    -0.273  0.087    -0.197  0.085    -0.211  0.092
  1874     6    -0.544  0.323    -0.381  0.115    -0.277  0.088    -0.198  0.085    -0.212  0.093
  1874     7    -0.356  0.236    -0.382  0.097    -0.276  0.093    -0.199  0.085    -0.214  0.092
  1874     8    -0.225  0.170    -0.357  0.084    -0.271  0.093    -0.199  0.085    -0.215  0.091
  1874     9    -0.110  0.272    -0.367  0.115    -0.264  0.095    -0.200  0.087    -0.216  0.091
  1874    10    -0.471  0.291    -0.361  0.137    -0.258  0.094    -0.198  0.087    -0.216  0.090
  1874    11    -0.436  0.317    -0.348  0.145    -0.258  0.094    -0.199  0.087    -0.217  0.089
  1874    12    -0.400  0.238    -0.319  0.145    -0.256  0.093    -0.200  0.088    -0.218  0.088
  1875     1    -0.256  0.361    -0.301  0.148    -0.255  0.091    -0.201  0.086    -0.220  0.088
  1875     2    -0.219  0.219    -0.293  0.137    -0.256  0.091    -0.202  0.085    -0.222  0.087
  1875     3    -0.609  0.379    -0.299  0.141    -0.253  0.091    -0.203  0.085    -0.223  0.087
  1875     4    -0.359  0.436    -0.263  0.141    -0.248  0.093    -0.203  0.086    -0.223  0.086
  1875     5    -0.191  0.394    -0.248  0.133    -0.240  0.097    -0.201  0.087    -0.224  0.086
  1875     6    -0.194  0.180    -0.255  0.139    -0.233  0.098    -0.201  0.087    -0.226  0.086
  1875     7    -0.141  0.365    -0.263  0.165    -0.228  0.095    -0.203  0.087    -0.229  0.086
  1875     8    -0.130  0.310    -0.270  0.176    -0.219  0.091    -0.203  0.088    -0.231  0.087
  1875     9    -0.181  0.376    -0.237  0.163    -0.207  0.094    -0.202  0.087    -0.232  0.085
  1875    10    -0.036  0.272    -0.237  0.159    -0.194  0.094    -0.201  0.088    -0.232  0.085
  1875    11    -0.263  0.315    -0.265  0.154    -0.191  0.095    -0.198  0.088    -0.232  0.083
  1875    12    -0.480  0.284    -0.274  0.150    -0.187  0.094    -0.193  0.087    -0.233  0.081
  1876     1    -0.351  0.565    -0.266  0.143    -0.182  0.097    -0.192  0.086    -0.234  0.081
  1876     2    -0.304  0.344    -0.276  0.134    -0.180  0.097    -0.187  0.084    -0.234  0.080
  1876     3    -0.220  0.376    -0.285  0.109    -0.175  0.100    -0.185  0.084    -0.235  0.081
  1876     4    -0.351  0.270    -0.291  0.106    -0.171  0.101    -0.184  0.085    -0.235  0.081
  1876     5    -0.529  0.250    -0.296  0.095    -0.166  0.102    -0.184  0.089    -0.234  0.082
  1876     6    -0.300  0.133    -0.290  0.094    -0.161  0.104    -0.186  0.088    -0.235  0.083
  1876     7    -0.043  0.183    -0.270  0.098    -0.156  0.103    -0.187  0.088    -0.237  0.083
  1876     8    -0.256  0.246    -0.250  0.105    -0.150  0.105    -0.187  0.089    -0.238  0.082
  1876     9    -0.280  0.175    -0.229  0.119    -0.142  0.111    -0.185  0.090    -0.239  0.081
  1876    10    -0.116  0.217    -0.199  0.124    -0.139  0.117    -0.184  0.090    -0.239  0.080
  1876    11    -0.326  0.323    -0.150  0.150    -0.134  0.118    -0.186  0.092    -0.241  0.080
  1876    12    -0.404  0.232    -0.130  0.154    -0.128  0.117    -0.187  0.094    -0.242  0.080
  1877     1    -0.110  0.531    -0.114  0.152    -0.126  0.116    -0.187  0.095    -0.244  0.081
  1877     2    -0.067  0.307    -0.084  0.160    -0.127  0.114    -0.185  0.098    -0.244  0.080
  1877     3     0.035  0.273    -0.059  0.165    -0.132  0.112    -0.184  0.098    -0.244  0.080
  1877     4     0.012  0.309    -0.052  0.170    -0.126  0.109    -0.183  0.099    -0.244  0.079
  1877     5     0.052  0.403    -0.017  0.164    -0.121  0.108    -0.185  0.099    -0.245  0.079
  1877     6    -0.054  0.268     0.021  0.163    -0.124  0.109    -0.186  0.099    -0.246  0.079
  1877     7     0.151  0.286     0.029  0.157    -0.127  0.106    -0.188  0.100    -0.247  0.079
  1877     8     0.099  0.251     0.052  0.165    -0.133  0.106    -0.191  0.100    -0.247  0.078
  1877     9     0.024  0.343     0.088  0.181    -0.129  0.106    -0.192  0.102    -0.248  0.078
  1877    10    -0.036  0.222     0.123  0.178    -0.127  0.107    -0.191  0.103    -0.249  0.078
  1877    11     0.093  0.247     0.119  0.166    -0.126  0.107    -0.190  0.105    -0.250  0.078
  1877    12     0.051  0.341     0.133  0.154    -0.125  0.107    -0.190  0.105    -0.249  0.076
  1878     1    -0.017  0.273     0.132  0.165    -0.128  0.109    -0.191  0.103    -0.250  0.075
  1878     2     0.213  0.295     0.122  0.160    -0.128  0.113    -0.191  0.101    -0.250  0.074
  1878     3     0.473  0.341     0.120  0.154    -0.131  0.113    -0.191  0.103    -0.251  0.073
  1878     4     0.421  0.320     0.116  0.154    -0.135  0.112    -0.189  0.105    -0.251  0.074
  1878     5     0.004  0.357     0.108  0.154    -0.133  0.111    -0.190  0.106    -0.252  0.073
  1878     6     0.124  0.252     0.099  0.148    -0.125  0.112    -0.188  0.105    -0.253  0.073
  1878     7     0.129  0.247     0.104  0.157    -0.124  0.109    -0.189  0.105    -0.255  0.073
  1878     8    -0.012  0.182     0.077  0.178    -0.118  0.110    -0.192  0.103    -0.256  0.072
  1878     9    -0.004  0.299     0.034  0.181    -0.117  0.116    -0.192  0.103    -0.256  0.071
  1878    10    -0.084  0.246    -0.021  0.182    -0.111  0.119    -0.192  0.103    -0.256  0.072
  1878    11    -0.000  0.291    -0.027  0.177    -0.101  0.125    -0.193  0.103    -0.257  0.072
  1878    12    -0.061  0.309    -0.051  0.183    -0.099  0.123    -0.194  0.102    -0.257  0.071
  1879     1     0.044  0.265    -0.081  0.176    -0.100  0.125    -0.196  0.101    -0.256  0.071
  1879     2    -0.106  0.370    -0.106  0.169    -0.096  0.125    -0.193  0.100    -0.255  0.070
  1879     3    -0.043  0.394    -0.136  0.162    -0.096  0.128    -0.193  0.101    -0.253  0.072
  1879     4    -0.241  0.382    -0.138  0.141    -0.098  0.130    -0.193  0.103    -0.251  0.072
  1879     5    -0.070  0.273    -0.153  0.139    -0.100  0.134    -0.193  0.103    -0.251  0.073
  1879     6    -0.165  0.247    -0.193  0.130    -0.097  0.138    -0.191  0.102    -0.252  0.073
  1879     7    -0.224  0.248    -0.236  0.114    -0.097  0.139    -0.192  0.101    -0.252  0.073
  1879     8    -0.314  0.193    -0.272  0.094    -0.099  0.143    -0.194  0.101    -0.252  0.072
  1879     9    -0.367  0.326    -0.299  0.101    -0.104  0.141    -0.198  0.101    -0.252  0.073
  1879    10    -0.111  0.258    -0.301  0.113    -0.108  0.141    -0.198  0.102    -0.252  0.073
  1879    11    -0.178  0.321    -0.305  0.118    -0.112  0.139    -0.199  0.101    -0.253  0.074
  1879    12    -0.543  0.424    -0.302  0.124    -0.115  0.137    -0.199  0.101    -0.252  0.074
  1880     1    -0.472  0.238    -0.310  0.142    -0.121  0.138    -0.201  0.102    -0.253  0.074
  1880     2    -0.534  0.275    -0.296  0.154    -0.127  0.137    -0.204  0.104    -0.252  0.073
  1880     3    -0.368  0.388    -0.297  0.158    -0.131  0.137    -0.203  0.104    -0.253  0.072
  1880     4    -0.265  0.165    -0.309  0.162    -0.134  0.137    -0.204  0.104    -0.253  0.072
  1880     5    -0.120  0.342    -0.304  0.160    -0.140  0.136    -0.205  0.105    -0.253  0.072
  1880     6    -0.125  0.224    -0.263  0.151    -0.147  0.131    -0.208  0.105    -0.254  0.072
  1880     7    -0.318  0.293    -0.248  0.157    -0.154  0.129    -0.210  0.105    -0.256  0.071
  1880     8    -0.146  0.295    -0.196  0.161    -0.163  0.131    -0.213  0.107    -0.257  0.071
  1880     9    -0.383  0.297    -0.179  0.174    -0.174  0.128    -0.215  0.106    -0.257  0.070
  1880    10    -0.254  0.182    -0.157  0.189    -0.185  0.132    -0.217  0.105    -0.257  0.071
  1880    11    -0.126  0.305    -0.139  0.198    -0.188  0.133    -0.218  0.104    -0.257  0.071
  1880    12    -0.045  0.325    -0.146  0.193    -0.189  0.133    -0.216  0.103    -0.257  0.070
  1881     1    -0.287  0.326    -0.125  0.190    -0.196  0.130    -0.217  0.101    -0.257  0.069
  1881     2     0.088  0.296    -0.119  0.176    -0.203  0.127    -0.217  0.101    -0.257  0.068
  1881     3    -0.166  0.369    -0.110  0.174    -0.208  0.125    -0.219  0.103    -0.257  0.068
  1881     4     0.003  0.417    -0.106  0.172    -0.213  0.123    -0.218  0.104    -0.258  0.068
  1881     5     0.088  0.404    -0.131  0.182    -0.220  0.122    -0.216  0.105    -0.258  0.069
  1881     6    -0.206  0.360    -0.151  0.203    -0.227  0.119    -0.217  0.106    -0.259  0.069
  1881     7    -0.071  0.178    -0.134  0.201    -0.235  0.116    -0.219  0.107    -0.261  0.069
  1881     8    -0.067  0.184    -0.158  0.213    -0.236  0.114    -0.220  0.107    -0.263  0.069
  1881     9    -0.281  0.294    -0.166  0.198    -0.243  0.112    -0.222  0.107    -0.262  0.069
  1881    10    -0.203  0.233    -0.186  0.189    -0.247  0.114    -0.224  0.107    -0.262  0.069
  1881    11    -0.428  0.441    -0.205  0.175    -0.252  0.115    -0.226  0.107    -0.263  0.069
  1881    12    -0.276  0.394    -0.207  0.182    -0.254  0.113    -0.225  0.107    -0.263  0.068
  1882     1    -0.084  0.340    -0.223  0.176    -0.258  0.115    -0.231  0.107    -0.264  0.069
  1882     2    -0.209  0.398    -0.235  0.171    -0.262  0.117    -0.236  0.106    -0.263  0.070
  1882     3    -0.258  0.246    -0.229  0.170    -0.265  0.117    -0.241  0.106    -0.263  0.071
  1882     4    -0.230  0.225    -0.231  0.168    -0.270  0.121    -0.244  0.105    -0.264  0.070
  1882     5    -0.142  0.360    -0.219  0.146    -0.277  0.120    -0.248  0.103    -0.265  0.070
  1882     6    -0.234  0.226    -0.225  0.117    -0.275  0.118    -0.250  0.102    -0.266  0.070
  1882     7    -0.264  0.222    -0.255  0.114    -0.275  0.121    -0.254  0.102    -0.268  0.069
  1882     8    -0.210  0.153    -0.267  0.117    -0.275  0.125    -0.260  0.101    -0.271  0.070
  1882     9    -0.212  0.252    -0.261  0.132    -0.278  0.126    -0.264  0.098    -0.272  0.070
  1882    10    -0.223  0.265    -0.259  0.145    -0.281  0.127    -0.267  0.097    -0.272  0.070
  1882    11    -0.282  0.211    -0.263  0.139    -0.284  0.126    -0.271  0.097    -0.273  0.071
  1882    12    -0.351  0.238    -0.241  0.130    -0.292  0.125    -0.274  0.096    -0.274  0.072
  1883     1    -0.449  0.209    -0.240  0.123    -0.293  0.123    -0.278  0.095    -0.276  0.071
  1883     2    -0.350  0.302    -0.258  0.116    -0.299  0.122    -0.283  0.095    -0.277  0.071
  1883     3    -0.178  0.281    -0.270  0.110    -0.299  0.119    -0.291  0.094    -0.278  0.071
  1883     4    -0.211  0.420    -0.281  0.113    -0.299  0.118    -0.297  0.093    -0.278  0.071
  1883     5    -0.195  0.290    -0.291  0.126    -0.303  0.115    -0.299  0.092    -0.278  0.071
  1883     6     0.035  0.364    -0.301  0.131    -0.306  0.116    -0.302  0.092    -0.279  0.070
  1883     7    -0.255  0.204    -0.301  0.127    -0.310  0.113    -0.305  0.090    -0.279  0.070
  1883     8    -0.430  0.319    -0.286  0.129    -0.317  0.112    -0.307  0.089    -0.280  0.069
  1883     9    -0.349  0.255    -0.310  0.132    -0.322  0.110    -0.310  0.089    -0.280  0.070
  1883    10    -0.355  0.188    -0.331  0.135    -0.326  0.109    -0.309  0.088    -0.280  0.070
  1883    11    -0.399  0.211    -0.348  0.121    -0.330  0.105    -0.310  0.088    -0.280  0.070
  1883    12    -0.472  0.287    -0.373  0.112    -0.334  0.105    -0.311  0.090    -0.281  0.071
  1884     1    -0.454  0.152    -0.393  0.118    -0.339  0.104    -0.312  0.089    -0.282  0.070
  1884     2    -0.166  0.355    -0.400  0.117    -0.344  0.103    -0.310  0.089    -0.282  0.070
  1884     3    -0.465  0.239    -0.419  0.122    -0.347  0.099    -0.309  0.089    -0.281  0.071
  1884     4    -0.462  0.278    -0.424  0.125    -0.351  0.097    -0.306  0.088    -0.281  0.072
  1884     5    -0.402  0.236    -0.438  0.120    -0.353  0.096    -0.305  0.088    -0.281  0.072
  1884     6    -0.268  0.243    -0.434  0.132    -0.354  0.092    -0.305  0.087    -0.281  0.070
  1884     7    -0.492  0.184    -0.437  0.147    -0.365  0.090    -0.305  0.087    -0.280  0.069
  1884     8    -0.515  0.197    -0.469  0.151    -0.373  0.084    -0.305  0.086    -0.279  0.068
  1884     9    -0.573  0.254    -0.476  0.161    -0.377  0.085    -0.305  0.084    -0.281  0.068
  1884    10    -0.420  0.298    -0.476  0.163    -0.379  0.083    -0.306  0.086    -0.280  0.068
  1884    11    -0.571  0.237    -0.467  0.166    -0.384  0.082    -0.307  0.086    -0.280  0.067
  1884    12    -0.416  0.490    -0.491  0.168    -0.386  0.082    -0.304  0.084    -0.280  0.067
  1885     1    -0.489  0.415    -0.482  0.172    -0.387  0.080    -0.304  0.084    -0.281  0.067
  1885     2    -0.560  0.361    -0.483  0.172    -0.392  0.081    -0.303  0.084    -0.282  0.067
  1885     3    -0.539  0.251    -0.466  0.160    -0.397  0.078    -0.303  0.084    -0.281  0.068
  1885     4    -0.464  0.253    -0.453  0.148    -0.400  0.079    -0.304  0.084    -0.280  0.068
  1885     5    -0.297  0.300    -0.434  0.130    -0.402  0.080    -0.305  0.083    -0.281  0.068
  1885     6    -0.557  0.206    -0.423  0.125    -0.401  0.083    -0.307  0.083    -0.281  0.068
  1885     7    -0.388  0.127    -0.422  0.105    -0.402  0.082    -0.308  0.081    -0.281  0.068
  1885     8    -0.524  0.251    -0.402  0.096    -0.403  0.082    -0.311  0.079    -0.281  0.068
  1885     9    -0.366  0.195    -0.397  0.098    -0.407  0.085    -0.312  0.079    -0.282  0.068
  1885    10    -0.271  0.217    -0.378  0.102    -0.410  0.086    -0.312  0.077    -0.283  0.067
  1885    11    -0.335  0.160    -0.369  0.089    -0.410  0.084    -0.316  0.078    -0.282  0.067
  1885    12    -0.281  0.289    -0.360  0.092    -0.414  0.080    -0.320  0.078    -0.281  0.067
  1886     1    -0.486  0.212    -0.356  0.094    -0.415  0.078    -0.321  0.077    -0.281  0.067
  1886     2    -0.316  0.205    -0.345  0.085    -0.412  0.077    -0.328  0.076    -0.280  0.067
  1886     3    -0.478  0.256    -0.353  0.079    -0.411  0.076    -0.329  0.075    -0.281  0.067
  1886     4    -0.237  0.297    -0.365  0.077    -0.406  0.077    -0.331  0.075    -0.281  0.067
  1886     5    -0.193  0.272    -0.381  0.082    -0.400  0.076    -0.333  0.074    -0.279  0.067
  1886     6    -0.446  0.253    -0.386  0.074    -0.395  0.079    -0.333  0.074    -0.278  0.068
  1886     7    -0.339  0.280    -0.412  0.065    -0.389  0.081    -0.336  0.074    -0.279  0.068
  1886     8    -0.396  0.206    -0.440  0.052    -0.385  0.082    -0.339  0.073    -0.278  0.068
  1886     9    -0.459  0.166    -0.442  0.062    -0.375  0.084    -0.339  0.070    -0.277  0.067
  1886    10    -0.414  0.195    -0.454  0.062    -0.365  0.084    -0.340  0.070    -0.277  0.068
  1886    11    -0.530  0.274    -0.474  0.064    -0.358  0.082    -0.340  0.069    -0.276  0.067
  1886    12    -0.336  0.421    -0.466  0.069    -0.356  0.082    -0.340  0.068    -0.275  0.068
  1887     1    -0.797  0.249    -0.466  0.086    -0.351  0.080    -0.341  0.067    -0.275  0.068
  1887     2    -0.653  0.321    -0.475  0.087    -0.348  0.074    -0.341  0.068    -0.275  0.069
  1887     3    -0.507  0.164    -0.479  0.088    -0.344  0.070    -0.342  0.069    -0.276  0.068
  1887     4    -0.382  0.163    -0.477  0.099    -0.341  0.069    -0.344  0.068    -0.277  0.068
  1887     5    -0.427  0.198    -0.464  0.096    -0.337  0.069    -0.346  0.066    -0.277  0.067
  1887     6    -0.352  0.321    -0.462  0.097    -0.334  0.071    -0.346  0.067    -0.277  0.066
  1887     7    -0.337  0.177    -0.436  0.094    -0.334  0.068    -0.348  0.065    -0.278  0.066
  1887     8    -0.510  0.111    -0.419  0.103    -0.330  0.067    -0.350  0.066    -0.279  0.066
  1887     9    -0.503  0.229    -0.413  0.121    -0.329  0.065    -0.352  0.066    -0.280  0.066
  1887    10    -0.389  0.289    -0.409  0.134    -0.326  0.065    -0.353  0.065    -0.280  0.065
  1887    11    -0.376  0.200    -0.394  0.135    -0.325  0.065    -0.357  0.066    -0.282  0.065
  1887    12    -0.309  0.319    -0.381  0.122    -0.322  0.066    -0.358  0.066    -0.283  0.065
  1888     1    -0.491  0.220    -0.377  0.114    -0.324  0.066    -0.362  0.066    -0.284  0.065
  1888     2    -0.446  0.199    -0.356  0.113    -0.323  0.065    -0.363  0.065    -0.286  0.064
  1888     3    -0.428  0.418    -0.337  0.111    -0.325  0.066    -0.365  0.065    -0.290  0.063
  1888     4    -0.343  0.287    -0.310  0.118    -0.326  0.067    -0.366  0.064    -0.294  0.062
  1888     5    -0.241  0.234    -0.284  0.114    -0.330  0.068    -0.367  0.063    -0.295  0.062
  1888     6    -0.202  0.153    -0.273  0.109    -0.333  0.069    -0.370  0.063    -0.296  0.063
  1888     7    -0.283  0.199    -0.239  0.112    -0.333  0.070    -0.369  0.062    -0.298  0.062
  1888     8    -0.257  0.172    -0.193  0.114    -0.339  0.071    -0.368  0.063    -0.300  0.062
  1888     9    -0.276  0.178    -0.146  0.108    -0.336  0.075    -0.368  0.063    -0.301  0.063
  1888    10    -0.072  0.247    -0.110  0.111    -0.337  0.076    -0.367  0.063    -0.302  0.062
  1888    11    -0.056  0.257    -0.088  0.109    -0.336  0.078    -0.367  0.064    -0.304  0.062
  1888    12    -0.183  0.351    -0.081  0.119    -0.332  0.078    -0.367  0.066    -0.306  0.062
  1889     1    -0.076  0.199    -0.074  0.122    -0.334  0.082    -0.368  0.067    -0.307  0.061
  1889     2     0.100  0.243    -0.083  0.114    -0.333  0.083    -0.371  0.066    -0.309  0.061
  1889     3     0.131  0.196    -0.088  0.106    -0.331  0.082    -0.370  0.065    -0.310  0.060
  1889     4     0.092  0.263    -0.100  0.112    -0.329  0.081    -0.369  0.064    -0.310  0.059
  1889     5     0.029  0.175    -0.124  0.103    -0.328  0.080    -0.369  0.064    -0.310  0.059
  1889     6    -0.119  0.205    -0.128  0.096    -0.326  0.080    -0.370  0.062    -0.311  0.059
  1889     7    -0.204  0.201    -0.160  0.093    -0.317  0.082    -0.367  0.061    -0.311  0.059
  1889     8    -0.359  0.299    -0.195  0.084    -0.310  0.087    -0.364  0.059    -0.310  0.059
  1889     9    -0.334  0.302    -0.246  0.085    -0.308  0.086    -0.363  0.058    -0.310  0.059
  1889    10    -0.219  0.225    -0.278  0.100    -0.308  0.089    -0.362  0.058    -0.309  0.059
  1889    11    -0.341  0.186    -0.302  0.108    -0.307  0.089    -0.361  0.058    -0.309  0.059
  1889    12    -0.233  0.208    -0.322  0.115    -0.306  0.087    -0.361  0.060    -0.307  0.058
  1890     1    -0.460  0.181    -0.346  0.119    -0.308  0.086    -0.360  0.060    -0.307  0.059
  1890     2    -0.325  0.261    -0.355  0.115    -0.307  0.087    -0.360  0.061    -0.304  0.059
  1890     3    -0.477  0.300    -0.366  0.121    -0.307  0.089    -0.358  0.061    -0.303  0.059
  1890     4    -0.299  0.338    -0.376  0.102    -0.307  0.089    -0.356  0.061    -0.302  0.059
  1890     5    -0.251  0.299    -0.397  0.105    -0.311  0.088    -0.356  0.062    -0.302  0.058
  1890     6    -0.368  0.248    -0.414  0.109    -0.316  0.088    -0.353  0.063    -0.302  0.058
  1890     7    -0.486  0.311    -0.416  0.113    -0.322  0.089    -0.351  0.064    -0.301  0.056
  1890     8    -0.463  0.192    -0.448  0.106    -0.324  0.090    -0.349  0.064    -0.301  0.056
  1890     9    -0.477  0.189    -0.432  0.106    -0.322  0.090    -0.348  0.065    -0.301  0.056
  1890    10    -0.333  0.177    -0.432  0.104    -0.322  0.090    -0.348  0.065    -0.299  0.056
  1890    11    -0.596  0.266    -0.423  0.116    -0.324  0.091    -0.347  0.065    -0.300  0.056
  1890    12    -0.438  0.203    -0.409  0.119    -0.325  0.092    -0.347  0.065    -0.300  0.056
  1891     1    -0.484  0.229    -0.405  0.120    -0.323  0.093    -0.344  0.066    -0.300  0.056
  1891     2    -0.704  0.159    -0.396  0.121    -0.325  0.092    -0.344  0.066    -0.301  0.056
  1891     3    -0.291  0.272    -0.384  0.122    -0.326  0.090    -0.342  0.067    -0.301  0.055
  1891     4    -0.298  0.241    -0.380  0.124    -0.328  0.092    -0.343  0.067    -0.301  0.055
  1891     5    -0.146  0.313    -0.372  0.123    -0.335  0.090    -0.343  0.067    -0.302  0.054
  1891     6    -0.188  0.243    -0.354  0.128    -0.339  0.091    -0.340  0.068    -0.301  0.055
  1891     7    -0.449  0.256    -0.334  0.134    -0.347  0.089    -0.338  0.069    -0.302  0.055
  1891     8    -0.347  0.206    -0.293  0.149    -0.357  0.087    -0.335  0.069    -0.303  0.054
  1891     9    -0.335  0.111    -0.301  0.140    -0.366  0.084    -0.333  0.069    -0.303  0.054
  1891    10    -0.284  0.203    -0.310  0.140    -0.373  0.083    -0.330  0.069    -0.303  0.053
  1891    11    -0.497  0.214    -0.329  0.133    -0.380  0.085    -0.326  0.068    -0.303  0.054
  1891    12    -0.231  0.182    -0.338  0.131    -0.385  0.085    -0.324  0.068    -0.303  0.054
  1892     1    -0.240  0.237    -0.336  0.131    -0.384  0.084    -0.319  0.068    -0.304  0.054
  1892     2    -0.206  0.316    -0.349  0.137    -0.381  0.084    -0.315  0.070    -0.303  0.054
  1892     3    -0.389  0.147    -0.359  0.150    -0.381  0.081    -0.312  0.069    -0.303  0.054
  1892     4    -0.408  0.286    -0.367  0.146    -0.383  0.079    -0.309  0.070    -0.304  0.054
  1892     5    -0.378  0.314    -0.381  0.152    -0.385  0.078    -0.306  0.071    -0.304  0.053
  1892     6    -0.297  0.222    -0.410  0.154    -0.388  0.079    -0.304  0.069    -0.304  0.053
  1892     7    -0.424  0.229    -0.459  0.154    -0.387  0.079    -0.301  0.069    -0.304  0.053
  1892     8    -0.494  0.293    -0.490  0.149    -0.390  0.080    -0.298  0.070    -0.305  0.053
  1892     9    -0.458  0.227    -0.487  0.150    -0.387  0.081    -0.295  0.069    -0.306  0.052
  1892    10    -0.387  0.165    -0.480  0.142    -0.387  0.083    -0.294  0.068    -0.307  0.052
  1892    11    -0.661  0.234    -0.478  0.130    -0.387  0.085    -0.293  0.068    -0.307  0.053
  1892    12    -0.571  0.251    -0.476  0.122    -0.384  0.086    -0.293  0.068    -0.308  0.053
  1893     1    -0.835  0.274    -0.453  0.129    -0.379  0.083    -0.290  0.067    -0.307  0.054
  1893     2    -0.581  0.231    -0.441  0.114    -0.375  0.085    -0.289  0.066    -0.307  0.053
  1893     3    -0.348  0.269    -0.434  0.102    -0.372  0.084    -0.290  0.065    -0.307  0.052
  1893     4    -0.326  0.271    -0.419  0.110    -0.371  0.083    -0.290  0.064    -0.309  0.052
  1893     5    -0.357  0.274    -0.400  0.109    -0.364  0.082    -0.291  0.064    -0.309  0.051
  1893     6    -0.271  0.146    -0.390  0.118    -0.361  0.080    -0.291  0.065    -0.311  0.051
  1893     7    -0.148  0.150    -0.368  0.111    -0.356  0.078    -0.291  0.066    -0.312  0.051
  1893     8    -0.351  0.197    -0.361  0.107    -0.348  0.077    -0.292  0.067    -0.313  0.051
  1893     9    -0.368  0.183    -0.363  0.095    -0.349  0.074    -0.292  0.067    -0.314  0.050
  1893    10    -0.209  0.182    -0.365  0.082    -0.349  0.072    -0.296  0.066    -0.315  0.051
  1893    11    -0.439  0.277    -0.367  0.075    -0.349  0.072    -0.299  0.066    -0.316  0.051
  1893    12    -0.450  0.283    -0.377  0.066    -0.347  0.071    -0.301  0.065    -0.316  0.051
  1894     1    -0.566  0.210    -0.377  0.071    -0.342  0.071    -0.303  0.064    -0.317  0.051
  1894     2    -0.499  0.220    -0.362  0.067    -0.338  0.071    -0.307  0.064    -0.319  0.051
  1894     3    -0.375  0.162    -0.363  0.057    -0.335  0.070    -0.310  0.062    -0.319  0.050
  1894     4    -0.348  0.178    -0.375  0.058    -0.331  0.068    -0.313  0.062    -0.320  0.049
  1894     5    -0.376  0.278    -0.375  0.061    -0.325  0.068    -0.315  0.063    -0.320  0.049
  1894     6    -0.397  0.255    -0.372  0.059    -0.323  0.069    -0.318  0.064    -0.321  0.049
  1894     7    -0.143  0.266    -0.358  0.069    -0.320  0.068    -0.318  0.064    -0.321  0.049
  1894     8    -0.179  0.265    -0.358  0.078    -0.320  0.068    -0.316  0.064    -0.320  0.048
  1894     9    -0.379  0.200    -0.354  0.085    -0.316  0.067    -0.314  0.064    -0.320  0.048
  1894    10    -0.350  0.158    -0.347  0.085    -0.311  0.065    -0.313  0.062    -0.321  0.048
  1894    11    -0.435  0.275    -0.335  0.083    -0.305  0.064    -0.311  0.062    -0.320  0.049
  1894    12    -0.417  0.270    -0.320  0.089    -0.302  0.062    -0.311  0.063    -0.320  0.049
  1895     1    -0.402  0.209    -0.321  0.098    -0.295  0.063    -0.309  0.063    -0.319  0.050
  1895     2    -0.495  0.216    -0.327  0.107    -0.288  0.062    -0.305  0.063    -0.320  0.051
  1895     3    -0.327  0.178    -0.320  0.110    -0.284  0.061    -0.302  0.062    -0.319  0.051
  1895     4    -0.266  0.256    -0.313  0.109    -0.281  0.060    -0.300  0.062    -0.319  0.051
  1895     5    -0.230  0.304    -0.291  0.110    -0.274  0.063    -0.300  0.062    -0.319  0.051
  1895     6    -0.215  0.197    -0.278  0.105    -0.269  0.064    -0.297  0.060    -0.317  0.051
  1895     7    -0.162  0.257    -0.261  0.105    -0.258  0.061    -0.294  0.057    -0.317  0.051
  1895     8    -0.245  0.182    -0.239  0.094    -0.255  0.060    -0.292  0.057    -0.316  0.051
  1895     9    -0.295  0.221    -0.239  0.089    -0.258  0.062    -0.289  0.058    -0.316  0.052
  1895    10    -0.264  0.191    -0.243  0.089    -0.258  0.060    -0.287  0.058    -0.316  0.052
  1895    11    -0.179  0.257    -0.238  0.078    -0.258  0.058    -0.283  0.059    -0.315  0.051
  1895    12    -0.256  0.188    -0.226  0.066    -0.256  0.061    -0.280  0.058    -0.315  0.051
  1896     1    -0.203  0.196    -0.225  0.060    -0.258  0.061    -0.279  0.058    -0.314  0.052
  1896     2    -0.232  0.111    -0.210  0.053    -0.260  0.061    -0.275  0.058    -0.314  0.051
  1896     3    -0.321  0.222    -0.200  0.057    -0.258  0.065    -0.273  0.057    -0.313  0.052
  1896     4    -0.317  0.208    -0.181  0.056    -0.263  0.063    -0.271  0.057    -0.312  0.051
  1896     5    -0.171  0.208    -0.176  0.069    -0.263  0.063    -0.270  0.056    -0.313  0.051
  1896     6    -0.067  0.130    -0.163  0.073    -0.263  0.062    -0.270  0.057    -0.311  0.052
  1896     7    -0.148  0.166    -0.154  0.065    -0.258  0.062    -0.268  0.057    -0.311  0.052
  1896     8    -0.063  0.120    -0.151  0.068    -0.257  0.064    -0.267  0.057    -0.310  0.052
  1896     9    -0.180  0.183    -0.137  0.073    -0.255  0.066    -0.266  0.058    -0.309  0.052
  1896    10    -0.040  0.150    -0.119  0.071    -0.254  0.064    -0.267  0.057    -0.309  0.051
  1896    11    -0.116  0.271    -0.109  0.086    -0.251  0.063    -0.265  0.058    -0.308  0.051
  1896    12    -0.101  0.210    -0.109  0.092    -0.251  0.064    -0.266  0.058    -0.308  0.052
  1897     1    -0.089  0.157    -0.100  0.100    -0.252  0.063    -0.266  0.059    -0.306  0.051
  1897     2    -0.196  0.178    -0.101  0.104    -0.251  0.060    -0.265  0.060    -0.306  0.052
  1897     3    -0.161  0.254    -0.101  0.106    -0.247  0.064    -0.265  0.060    -0.305  0.052
  1897     4    -0.090  0.125    -0.116  0.104    -0.243  0.063    -0.263  0.059    -0.305  0.052
  1897     5    -0.059  0.208    -0.130  0.106    -0.236  0.063    -0.263  0.058    -0.306  0.052
  1897     6    -0.067  0.225    -0.144  0.103    -0.233  0.063    -0.262  0.057    -0.306  0.051
  1897     7    -0.043  0.238    -0.149  0.101    -0.231  0.063    -0.261  0.057    -0.306  0.051
  1897     8    -0.075  0.202    -0.165  0.095    -0.221  0.063    -0.261  0.057    -0.306  0.051
  1897     9    -0.173  0.205    -0.195  0.107    -0.216  0.063    -0.259  0.057    -0.306  0.051
  1897    10    -0.227  0.188    -0.218  0.104    -0.214  0.065    -0.260  0.057    -0.305  0.051
  1897    11    -0.273  0.266    -0.241  0.108    -0.213  0.064    -0.258  0.058    -0.306  0.051
  1897    12    -0.275  0.232    -0.250  0.099    -0.210  0.061    -0.258  0.059    -0.307  0.050
  1898     1    -0.153  0.213    -0.269  0.084    -0.210  0.059    -0.253  0.060    -0.307  0.050
  1898     2    -0.380  0.126    -0.299  0.072    -0.209  0.059    -0.250  0.060    -0.306  0.049
  1898     3    -0.527  0.172    -0.308  0.075    -0.207  0.061    -0.250  0.060    -0.307  0.049
  1898     4    -0.369  0.159    -0.328  0.071    -0.202  0.061    -0.251  0.061    -0.308  0.048
  1898     5    -0.325  0.177    -0.342  0.073    -0.202  0.060    -0.251  0.060    -0.309  0.048
  1898     6    -0.182  0.257    -0.359  0.068    -0.200  0.062    -0.252  0.060    -0.310  0.049
  1898     7    -0.269  0.264    -0.370  0.072    -0.201  0.062    -0.255  0.061    -0.310  0.049
  1898     8    -0.430  0.230    -0.370  0.075    -0.201  0.064    -0.258  0.060    -0.311  0.049
  1898     9    -0.289  0.194    -0.350  0.085    -0.198  0.067    -0.260  0.060    -0.312  0.049
  1898    10    -0.461  0.134    -0.341  0.092    -0.193  0.067    -0.263  0.060    -0.313  0.050
  1898    11    -0.450  0.199    -0.332  0.092    -0.191  0.068    -0.264  0.059    -0.316  0.049
  1898    12    -0.469  0.139    -0.349  0.080    -0.192  0.069    -0.265  0.058    -0.318  0.049
  1899     1    -0.286  0.141    -0.343  0.078    -0.193  0.070    -0.266  0.059    -0.320  0.049
  1899     2    -0.383  0.232    -0.319  0.072    -0.196  0.071    -0.267  0.059    -0.323  0.049
  1899     3    -0.287  0.201    -0.308  0.063    -0.198  0.071    -0.269  0.060    -0.326  0.049
  1899     4    -0.263  0.200    -0.278  0.067    -0.202  0.072    -0.270  0.059    -0.329  0.048
  1899     5    -0.211  0.238    -0.243  0.072    -0.206  0.072    -0.271  0.060    -0.331  0.048
  1899     6    -0.391  0.218    -0.221  0.077    -0.209  0.072    -0.271  0.060    -0.332  0.048
  1899     7    -0.194  0.200    -0.221  0.089    -0.212  0.075    -0.274  0.060    -0.333  0.048
  1899     8    -0.144  0.179    -0.180  0.096    -0.210  0.076    -0.276  0.059    -0.333  0.048
  1899     9    -0.161  0.203    -0.161  0.092    -0.213  0.077    -0.278  0.060    -0.334  0.048
  1899    10    -0.098  0.240    -0.148  0.094    -0.216  0.079    -0.279  0.059    -0.334  0.047
  1899    11    -0.027  0.179    -0.143  0.089    -0.220  0.074    -0.278  0.060    -0.335  0.048
  1899    12    -0.212  0.262    -0.116  0.090    -0.223  0.073    -0.278  0.060    -0.336  0.048
  1900     1    -0.286  0.147    -0.113  0.088    -0.227  0.072    -0.278  0.060    -0.335  0.048
  1900     2     0.118  0.214    -0.117  0.094    -0.233  0.071    -0.280  0.061    -0.336  0.048
  1900     3    -0.062  0.206    -0.118  0.096    -0.235  0.070    -0.281  0.061    -0.336  0.047
  1900     4    -0.102  0.133    -0.108  0.085    -0.239  0.070    -0.282  0.062    -0.337  0.047
  1900     5    -0.160  0.171    -0.119  0.073    -0.242  0.070    -0.282  0.063    -0.338  0.047
  1900     6    -0.065  0.171    -0.113  0.081    -0.247  0.071    -0.282  0.063    -0.338  0.047
  1900     7    -0.160  0.168    -0.113  0.095    -0.248  0.073    -0.282  0.063    -0.337  0.046
  1900     8    -0.189  0.201    -0.139  0.093    -0.245  0.073    -0.283  0.063    -0.337  0.046
  1900     9    -0.171  0.235    -0.145  0.100    -0.242  0.073    -0.283  0.063    -0.337  0.046
  1900    10     0.016  0.186    -0.140  0.095    -0.244  0.075    -0.283  0.063    -0.337  0.047
  1900    11    -0.160  0.151    -0.130  0.096    -0.245  0.074    -0.284  0.062    -0.337  0.047
  1900    12    -0.137  0.184    -0.136  0.108    -0.248  0.073    -0.284  0.062    -0.338  0.047
  1901     1    -0.283  0.206    -0.139  0.117    -0.251  0.074    -0.284  0.061    -0.339  0.047
  1901     2    -0.192  0.149    -0.146  0.115    -0.256  0.073    -0.285  0.061    -0.339  0.047
  1901     3    -0.131  0.262    -0.154  0.106    -0.261  0.072    -0.284  0.061    -0.340  0.047
  1901     4    -0.051  0.068    -0.179  0.109    -0.263  0.073    -0.281  0.061    -0.341  0.047
  1901     5    -0.031  0.142    -0.196  0.123    -0.265  0.072    -0.282  0.061    -0.343  0.047
  1901     6    -0.139  0.244    -0.207  0.117    -0.267  0.072    -0.283  0.062    -0.344  0.048
  1901     7    -0.194  0.172    -0.207  0.123    -0.274  0.072    -0.283  0.062    -0.344  0.048
  1901     8    -0.276  0.242    -0.196  0.124    -0.278  0.072    -0.285  0.062    -0.345  0.047
  1901     9    -0.265  0.171    -0.215  0.123    -0.282  0.071    -0.286  0.062    -0.346  0.047
  1901    10    -0.288  0.207    -0.233  0.134    -0.287  0.069    -0.288  0.061    -0.345  0.047
  1901    11    -0.368  0.282    -0.253  0.122    -0.291  0.072    -0.290  0.060    -0.345  0.047
  1901    12    -0.270  0.169    -0.264  0.111    -0.291  0.075    -0.291  0.061    -0.345  0.046
  1902     1    -0.274  0.207    -0.273  0.112    -0.296  0.075    -0.294  0.061    -0.345  0.046
  1902     2    -0.060  0.139    -0.283  0.106    -0.302  0.076    -0.297  0.061    -0.344  0.046
  1902     3    -0.367  0.241    -0.286  0.094    -0.308  0.076    -0.299  0.061    -0.344  0.046
  1902     4    -0.263  0.227    -0.300  0.084    -0.314  0.075    -0.301  0.060    -0.344  0.046
  1902     5    -0.275  0.201    -0.311  0.083    -0.320  0.077    -0.305  0.060    -0.343  0.046
  1902     6    -0.267  0.225    -0.332  0.088    -0.323  0.078    -0.308  0.059    -0.343  0.046
  1902     7    -0.302  0.212    -0.329  0.091    -0.326  0.079    -0.311  0.058    -0.342  0.046
  1902     8    -0.401  0.223    -0.341  0.094    -0.339  0.078    -0.314  0.058    -0.343  0.046
  1902     9    -0.298  0.137    -0.337  0.088    -0.345  0.078    -0.316  0.059    -0.343  0.046
  1902    10    -0.450  0.160    -0.360  0.085    -0.350  0.079    -0.317  0.059    -0.344  0.046
  1902    11    -0.503  0.128    -0.366  0.086    -0.351  0.079    -0.319  0.058    -0.343  0.047
  1902    12    -0.523  0.259    -0.374  0.084    -0.353  0.081    -0.321  0.058    -0.342  0.047
  1903     1    -0.239  0.200    -0.387  0.083    -0.354  0.083    -0.324  0.057    -0.341  0.047
  1903     2    -0.206  0.190    -0.417  0.082    -0.357  0.081    -0.324  0.056    -0.341  0.046
  1903     3    -0.318  0.167    -0.440  0.094    -0.360  0.079    -0.325  0.057    -0.342  0.046
  1903     4    -0.538  0.178    -0.448  0.099    -0.365  0.079    -0.327  0.057    -0.342  0.046
  1903     5    -0.350  0.186    -0.453  0.097    -0.366  0.080    -0.327  0.058    -0.342  0.046
  1903     6    -0.355  0.154    -0.462  0.102    -0.368  0.078    -0.329  0.059    -0.343  0.047
  1903     7    -0.467  0.200    -0.500  0.095    -0.368  0.077    -0.329  0.061    -0.344  0.047
  1903     8    -0.754  0.207    -0.536  0.087    -0.369  0.076    -0.330  0.061    -0.344  0.047
  1903     9    -0.574  0.208    -0.552  0.090    -0.370  0.073    -0.332  0.062    -0.344  0.047
  1903    10    -0.554  0.138    -0.552  0.086    -0.370  0.075    -0.331  0.062    -0.345  0.047
  1903    11    -0.558  0.158    -0.563  0.091    -0.374  0.075    -0.333  0.061    -0.344  0.047
  1903    12    -0.634  0.126    -0.568  0.096    -0.373  0.074    -0.334  0.061    -0.342  0.046
  1904     1    -0.690  0.108    -0.567  0.099    -0.373  0.073    -0.337  0.061    -0.340  0.046
  1904     2    -0.645  0.143    -0.546  0.109    -0.373  0.073    -0.339  0.061    -0.339  0.046
  1904     3    -0.501  0.177    -0.544  0.115    -0.374  0.073    -0.341  0.060    -0.339  0.046
  1904     4    -0.544  0.249    -0.537  0.112    -0.373  0.071    -0.344  0.060    -0.339  0.045
  1904     5    -0.474  0.229    -0.519  0.121    -0.373  0.070    -0.347  0.060    -0.339  0.046
  1904     6    -0.417  0.184    -0.501  0.112    -0.374  0.072    -0.347  0.061    -0.338  0.046
  1904     7    -0.455  0.204    -0.480  0.119    -0.376  0.071    -0.349  0.061    -0.338  0.045
  1904     8    -0.502  0.261    -0.482  0.117    -0.384  0.070    -0.351  0.061    -0.338  0.045
  1904     9    -0.559  0.213    -0.476  0.116    -0.384  0.068    -0.353  0.061    -0.338  0.046
  1904    10    -0.461  0.251    -0.464  0.124    -0.387  0.066    -0.356  0.061    -0.337  0.046
  1904    11    -0.341  0.265    -0.444  0.119    -0.391  0.067    -0.358  0.061    -0.335  0.046
  1904    12    -0.426  0.146    -0.424  0.120    -0.393  0.066    -0.361  0.062    -0.335  0.047
  1905     1    -0.437  0.168    -0.405  0.119    -0.394  0.065    -0.361  0.064    -0.334  0.047
  1905     2    -0.670  0.151    -0.392  0.114    -0.395  0.067    -0.367  0.063    -0.333  0.047
  1905     3    -0.431  0.173    -0.374  0.112    -0.398  0.067    -0.371  0.062    -0.331  0.048
  1905     4    -0.396  0.191    -0.359  0.106    -0.395  0.067    -0.374  0.063    -0.330  0.049
  1905     5    -0.237  0.147    -0.352  0.097    -0.396  0.067    -0.376  0.063    -0.330  0.049
  1905     6    -0.176  0.162    -0.339  0.092    -0.396  0.068    -0.379  0.064    -0.329  0.049
  1905     7    -0.223  0.141    -0.322  0.094    -0.400  0.067    -0.380  0.064    -0.329  0.049
  1905     8    -0.341  0.166    -0.292  0.092    -0.402  0.065    -0.382  0.063    -0.328  0.050
  1905     9    -0.346  0.151    -0.268  0.088    -0.408  0.065    -0.384  0.063    -0.328  0.050
  1905    10    -0.285  0.161    -0.239  0.089    -0.409  0.064    -0.388  0.063    -0.327  0.050
  1905    11    -0.251  0.178    -0.242  0.089    -0.410  0.063    -0.392  0.063    -0.327  0.050
  1905    12    -0.279  0.183    -0.238  0.089    -0.410  0.064    -0.396  0.063    -0.327  0.050
  1906     1    -0.228  0.189    -0.235  0.090    -0.408  0.065    -0.399  0.064    -0.327  0.050
  1906     2    -0.309  0.151    -0.227  0.089    -0.404  0.065    -0.403  0.064    -0.327  0.051
  1906     3    -0.149  0.171    -0.227  0.084    -0.402  0.065    -0.407  0.063    -0.327  0.051
  1906     4    -0.043  0.176    -0.222  0.091    -0.400  0.063    -0.411  0.063    -0.327  0.050
  1906     5    -0.281  0.221    -0.233  0.079    -0.401  0.064    -0.415  0.063    -0.327  0.050
  1906     6    -0.117  0.182    -0.233  0.081    -0.400  0.062    -0.418  0.063    -0.328  0.051
  1906     7    -0.187  0.147    -0.250  0.079    -0.401  0.063    -0.420  0.063    -0.329  0.052
  1906     8    -0.249  0.181    -0.269  0.085    -0.399  0.064    -0.423  0.062    -0.330  0.052
  1906     9    -0.348  0.126    -0.287  0.086    -0.401  0.062    -0.425  0.061    -0.330  0.052
  1906    10    -0.222  0.209    -0.319  0.079    -0.402  0.062    -0.424  0.060    -0.332  0.052
  1906    11    -0.386  0.099    -0.338  0.071    -0.402  0.061    -0.424  0.060    -0.334  0.052
  1906    12    -0.273  0.233    -0.364  0.064    -0.402  0.059    -0.423  0.059    -0.336  0.052
  1907     1    -0.438  0.117    -0.375  0.064    -0.403  0.059    -0.423  0.058    -0.339  0.052
  1907     2    -0.531  0.245    -0.395  0.065    -0.400  0.060    -0.424  0.058    -0.341  0.052
  1907     3    -0.363  0.183    -0.403  0.073    -0.398  0.057    -0.424  0.057    -0.343  0.052
  1907     4    -0.435  0.133    -0.410  0.076    -0.397  0.057    -0.424  0.057    -0.345  0.052
  1907     5    -0.507  0.146    -0.421  0.074    -0.397  0.055    -0.424  0.057    -0.347  0.052
  1907     6    -0.423  0.111    -0.445  0.070    -0.398  0.056    -0.423  0.056    -0.348  0.053
  1907     7    -0.324  0.184    -0.448  0.070    -0.397  0.058    -0.424  0.056    -0.349  0.053
  1907     8    -0.489  0.173    -0.433  0.060    -0.394  0.058    -0.425  0.055    -0.350  0.054
  1907     9    -0.449  0.220    -0.457  0.062    -0.396  0.058    -0.427  0.055    -0.350  0.054
  1907    10    -0.295  0.146    -0.470  0.074    -0.398  0.059    -0.428  0.054    -0.351  0.054
  1907    11    -0.529  0.176    -0.462  0.075    -0.401  0.060    -0.427  0.054    -0.352  0.054
  1907    12    -0.562  0.151    -0.458  0.080    -0.405  0.060    -0.427  0.055    -0.354  0.054
  1908     1    -0.463  0.161    -0.457  0.079    -0.406  0.059    -0.429  0.055    -0.356  0.054
  1908     2    -0.352  0.149    -0.461  0.077    -0.408  0.058    -0.432  0.054    -0.357  0.054
  1908     3    -0.655  0.158    -0.461  0.083    -0.409  0.057    -0.434  0.053    -0.357  0.054
  1908     4    -0.588  0.219    -0.473  0.083    -0.411  0.057    -0.432  0.053    -0.357  0.055
  1908     5    -0.419  0.197    -0.480  0.078    -0.417  0.055    -0.433  0.053    -0.358  0.055
  1908     6    -0.367  0.255    -0.484  0.079    -0.423  0.055    -0.433  0.054    -0.359  0.056
  1908     7    -0.313  0.181    -0.505  0.080    -0.430  0.057    -0.432  0.054    -0.359  0.056
  1908     8    -0.543  0.122    -0.521  0.085    -0.436  0.058    -0.429  0.054    -0.358  0.057
  1908     9    -0.444  0.165    -0.515  0.081    -0.444  0.059    -0.428  0.054    -0.358  0.057
  1908    10    -0.447  0.162    -0.517  0.087    -0.453  0.058    -0.426  0.053    -0.356  0.057
  1908    11    -0.603  0.174    -0.524  0.087    -0.457  0.057    -0.424  0.053    -0.355  0.056
  1908    12    -0.610  0.182    -0.527  0.084    -0.463  0.057    -0.419  0.054    -0.354  0.056
  1909     1    -0.717  0.159    -0.542  0.078    -0.468  0.057    -0.415  0.053    -0.354  0.056
  1909     2    -0.548  0.235    -0.525  0.090    -0.473  0.056    -0.411  0.053    -0.353  0.056
  1909     3    -0.585  0.173    -0.523  0.082    -0.475  0.056    -0.410  0.052    -0.354  0.056
  1909     4    -0.602  0.174    -0.520  0.082    -0.476  0.056    -0.409  0.051    -0.353  0.056
  1909     5    -0.510  0.181    -0.500  0.079    -0.474  0.057    -0.407  0.050    -0.353  0.056
  1909     6    -0.400  0.127    -0.490  0.077    -0.473  0.055    -0.405  0.049    -0.353  0.057
  1909     7    -0.498  0.118    -0.460  0.087    -0.470  0.056    -0.403  0.049    -0.353  0.056
  1909     8    -0.340  0.240    -0.457  0.094    -0.464  0.057    -0.400  0.049    -0.354  0.057
  1909     9    -0.419  0.201    -0.454  0.094    -0.465  0.059    -0.398  0.049    -0.355  0.057
  1909    10    -0.404  0.114    -0.446  0.098    -0.462  0.059    -0.394  0.049    -0.355  0.057
  1909    11    -0.367  0.195    -0.437  0.094    -0.457  0.058    -0.393  0.049    -0.357  0.057
  1909    12    -0.493  0.157    -0.437  0.089    -0.453  0.058    -0.391  0.049    -0.358  0.057
  1910     1    -0.350  0.187    -0.423  0.087    -0.453  0.060    -0.389  0.050    -0.358  0.057
  1910     2    -0.514  0.123    -0.429  0.090    -0.455  0.058    -0.385  0.051    -0.359  0.056
  1910     3    -0.552  0.134    -0.430  0.091    -0.456  0.059    -0.382  0.051    -0.360  0.056
  1910     4    -0.507  0.212    -0.430  0.090    -0.461  0.060    -0.379  0.051    -0.361  0.056
  1910     5    -0.397  0.198    -0.451  0.093    -0.459  0.059    -0.377  0.052    -0.361  0.056
  1910     6    -0.402  0.127    -0.464  0.088    -0.457  0.060    -0.376  0.051    -0.361  0.056
  1910     7    -0.330  0.207    -0.487  0.086    -0.458  0.059    -0.375  0.051    -0.362  0.056
  1910     8    -0.414  0.206    -0.499  0.087    -0.461  0.061    -0.373  0.051    -0.362  0.055
  1910     9    -0.435  0.117    -0.506  0.090    -0.459  0.062    -0.372  0.051    -0.361  0.055
  1910    10    -0.403  0.159    -0.513  0.083    -0.456  0.065    -0.371  0.050    -0.362  0.056
  1910    11    -0.610  0.194    -0.522  0.083    -0.456  0.066    -0.370  0.050    -0.363  0.056
  1910    12    -0.657  0.231    -0.529  0.085    -0.456  0.064    -0.370  0.051    -0.364  0.056
  1911     1    -0.622  0.181    -0.541  0.081    -0.457  0.062    -0.370  0.051    -0.363  0.056
  1911     2    -0.660  0.130    -0.553  0.073    -0.454  0.064    -0.368  0.052    -0.363  0.056
  1911     3    -0.634  0.139    -0.557  0.079    -0.455  0.064    -0.370  0.053    -0.364  0.055
  1911     4    -0.585  0.155    -0.546  0.083    -0.453  0.064    -0.372  0.052    -0.365  0.055
  1911     5    -0.506  0.117    -0.518  0.090    -0.447  0.064    -0.372  0.052    -0.366  0.055
  1911     6    -0.489  0.167    -0.483  0.088    -0.438  0.066    -0.374  0.054    -0.366  0.055
  1911     7    -0.480  0.087    -0.453  0.086    -0.428  0.067    -0.374  0.055    -0.366  0.055
  1911     8    -0.556  0.239    -0.412  0.088    -0.424  0.068    -0.374  0.055    -0.366  0.055
  1911     9    -0.483  0.146    -0.390  0.087    -0.420  0.067    -0.375  0.056    -0.365  0.055
  1911    10    -0.265  0.157    -0.363  0.082    -0.416  0.064    -0.377  0.056    -0.364  0.055
  1911    11    -0.280  0.235    -0.341  0.085    -0.411  0.063    -0.378  0.057    -0.363  0.054
  1911    12    -0.238  0.191    -0.315  0.087    -0.408  0.062    -0.382  0.056    -0.363  0.054
  1912     1    -0.258  0.161    -0.304  0.088    -0.403  0.062    -0.383  0.057    -0.363  0.054
  1912     2    -0.167  0.158    -0.306  0.076    -0.401  0.063    -0.384  0.058    -0.364  0.054
  1912     3    -0.379  0.171    -0.309  0.076    -0.399  0.064    -0.388  0.059    -0.363  0.053
  1912     4    -0.258  0.133    -0.335  0.069    -0.392  0.064    -0.388  0.060    -0.363  0.053
  1912     5    -0.245  0.149    -0.349  0.069    -0.389  0.063    -0.389  0.061    -0.363  0.053
  1912     6    -0.170  0.133    -0.366  0.069    -0.383  0.063    -0.389  0.062    -0.364  0.053
  1912     7    -0.349  0.128    -0.386  0.069    -0.382  0.062    -0.388  0.064    -0.363  0.053
  1912     8    -0.580  0.202    -0.417  0.069    -0.376  0.063    -0.386  0.065    -0.363  0.054
  1912     9    -0.521  0.195    -0.430  0.070    -0.367  0.063    -0.384  0.066    -0.363  0.054
  1912    10    -0.573  0.136    -0.442  0.077    -0.360  0.062    -0.385  0.067    -0.362  0.053
  1912    11    -0.448  0.210    -0.457  0.080    -0.354  0.064    -0.385  0.067    -0.361  0.053
  1912    12    -0.443  0.184    -0.475  0.074    -0.348  0.064    -0.387  0.067    -0.360  0.054
  1913     1    -0.494  0.130    -0.476  0.071    -0.344  0.066    -0.388  0.066    -0.360  0.053
  1913     2    -0.549  0.167    -0.459  0.087    -0.339  0.065    -0.390  0.067    -0.361  0.053
  1913     3    -0.530  0.144    -0.453  0.083    -0.335  0.065    -0.389  0.067    -0.361  0.052
  1913     4    -0.404  0.146    -0.433  0.079    -0.331  0.065    -0.388  0.068    -0.360  0.052
  1913     5    -0.429  0.162    -0.419  0.077    -0.322  0.066    -0.388  0.068    -0.360  0.052
  1913     6    -0.380  0.141    -0.389  0.079    -0.316  0.067    -0.388  0.068    -0.359  0.052
  1913     7    -0.361  0.100    -0.357  0.081    -0.309  0.066    -0.388  0.069    -0.359  0.052
  1913     8    -0.371  0.237    -0.333  0.071    -0.300  0.067    -0.386  0.069    -0.357  0.052
  1913     9    -0.453  0.169    -0.318  0.063    -0.295  0.066    -0.384  0.070    -0.356  0.052
  1913    10    -0.330  0.101    -0.315  0.055    -0.291  0.066    -0.381  0.070    -0.353  0.051
  1913    11    -0.290  0.128    -0.300  0.060    -0.287  0.066    -0.377  0.070    -0.351  0.051
  1913    12    -0.073  0.192    -0.285  0.063    -0.284  0.068    -0.375  0.070    -0.348  0.051
  1914     1    -0.116  0.139    -0.271  0.071    -0.280  0.069    -0.371  0.071    -0.346  0.051
  1914     2    -0.258  0.069    -0.258  0.070    -0.276  0.070    -0.368  0.072    -0.344  0.051
  1914     3    -0.352  0.100    -0.244  0.070    -0.274  0.070    -0.366  0.073    -0.342  0.051
  1914     4    -0.364  0.174    -0.215  0.063    -0.277  0.069    -0.362  0.073    -0.341  0.051
  1914     5    -0.247  0.164    -0.206  0.066    -0.283  0.069    -0.360  0.072    -0.340  0.051
  1914     6    -0.200  0.164    -0.215  0.057    -0.290  0.069    -0.359  0.072    -0.339  0.050
  1914     7    -0.204  0.191    -0.227  0.058    -0.296  0.068    -0.357  0.071    -0.338  0.050
  1914     8    -0.207  0.122    -0.220  0.064    -0.304  0.068    -0.357  0.071    -0.338  0.049
  1914     9    -0.289  0.231    -0.191  0.073    -0.311  0.068    -0.356  0.072    -0.337  0.048
  1914    10     0.017  0.213    -0.167  0.088    -0.315  0.070    -0.355  0.072    -0.336  0.048
  1914    11    -0.183  0.150    -0.149  0.091    -0.321  0.071    -0.356  0.072    -0.335  0.047
  1914    12    -0.183  0.169    -0.136  0.094    -0.324  0.073    -0.355  0.071    -0.335  0.047
  1915     1    -0.255  0.105    -0.125  0.091    -0.322  0.074    -0.354  0.070    -0.335  0.047
  1915     2    -0.170  0.160    -0.119  0.092    -0.317  0.078    -0.352  0.070    -0.334  0.046
  1915     3    -0.010  0.180    -0.113  0.089    -0.313  0.078    -0.349  0.070    -0.334  0.046
  1915     4    -0.073  0.212    -0.127  0.084    -0.310  0.078    -0.347  0.069    -0.333  0.045
  1915     5    -0.029  0.170    -0.118  0.091    -0.311  0.079    -0.345  0.068    -0.333  0.045
  1915     6    -0.043  0.260    -0.128  0.095    -0.317  0.079    -0.343  0.068    -0.333  0.045
  1915     7    -0.076  0.248    -0.124  0.092    -0.318  0.079    -0.343  0.068    -0.333  0.044
  1915     8    -0.130  0.149    -0.121  0.098    -0.319  0.079    -0.341  0.067    -0.333  0.044
  1915     9    -0.223  0.167    -0.147  0.098    -0.318  0.078    -0.339  0.068    -0.332  0.045
  1915    10    -0.143  0.161    -0.167  0.102    -0.320  0.077    -0.337  0.067    -0.331  0.044
  1915    11    -0.077  0.171    -0.188  0.102    -0.320  0.076    -0.334  0.067    -0.330  0.044
  1915    12    -0.304  0.205    -0.212  0.105    -0.320  0.077    -0.331  0.066    -0.328  0.045
  1916     1    -0.207  0.149    -0.226  0.102    -0.318  0.079    -0.328  0.066    -0.327  0.045
  1916     2    -0.132  0.146    -0.239  0.108    -0.318  0.079    -0.324  0.065    -0.325  0.045
  1916     3    -0.325  0.122    -0.252  0.110    -0.314  0.079    -0.321  0.064    -0.325  0.044
  1916     4    -0.316  0.246    -0.278  0.119    -0.310  0.080    -0.319  0.064    -0.325  0.044
  1916     5    -0.276  0.165    -0.321  0.118    -0.307  0.079    -0.317  0.063    -0.325  0.044
  1916     6    -0.338  0.264    -0.353  0.115    -0.311  0.077    -0.315  0.063    -0.325  0.044
  1916     7    -0.237  0.224    -0.388  0.113    -0.313  0.078    -0.311  0.063    -0.325  0.044
  1916     8    -0.293  0.131    -0.431  0.110    -0.312  0.080    -0.308  0.064    -0.324  0.045
  1916     9    -0.376  0.173    -0.470  0.110    -0.312  0.081    -0.306  0.064    -0.323  0.044
  1916    10    -0.452  0.156    -0.486  0.114    -0.309  0.084    -0.304  0.063    -0.322  0.044
  1916    11    -0.594  0.244    -0.509  0.111    -0.309  0.083    -0.303  0.062    -0.321  0.044
  1916    12    -0.689  0.132    -0.514  0.102    -0.310  0.084    -0.302  0.061    -0.320  0.044
  1917     1    -0.634  0.189    -0.512  0.105    -0.311  0.082    -0.302  0.062    -0.319  0.044
  1917     2    -0.637  0.175    -0.510  0.112    -0.313  0.082    -0.304  0.060    -0.318  0.045
  1917     3    -0.801  0.122    -0.501  0.115    -0.313  0.083    -0.302  0.060    -0.318  0.045
  1917     4    -0.502  0.258    -0.499  0.112    -0.319  0.084    -0.302  0.060    -0.317  0.045
  1917     5    -0.556  0.172    -0.491  0.110    -0.322  0.084    -0.303  0.059    -0.316  0.045
  1917     6    -0.400  0.181    -0.500  0.115    -0.327  0.083    -0.304  0.059    -0.315  0.045
  1917     7    -0.213  0.240    -0.492  0.120    -0.326  0.083    -0.303  0.060    -0.314  0.046
  1917     8    -0.264  0.260    -0.489  0.120    -0.329  0.082    -0.300  0.061    -0.312  0.046
  1917     9    -0.265  0.190    -0.464  0.117    -0.331  0.080    -0.299  0.061    -0.310  0.047
  1917    10    -0.432  0.116    -0.465  0.108    -0.334  0.081    -0.296  0.060    -0.309  0.047
  1917    11    -0.502  0.160    -0.457  0.108    -0.337  0.078    -0.294  0.059    -0.307  0.047
  1917    12    -0.792  0.183    -0.452  0.107    -0.339  0.077    -0.293  0.059    -0.305  0.047
  1918     1    -0.537  0.144    -0.457  0.103    -0.342  0.077    -0.291  0.059    -0.303  0.047
  1918     2    -0.607  0.149    -0.466  0.099    -0.343  0.076    -0.289  0.058    -0.302  0.047
  1918     3    -0.495  0.135    -0.461  0.093    -0.342  0.077    -0.288  0.057    -0.301  0.047
  1918     4    -0.520  0.192    -0.430  0.090    -0.342  0.077    -0.288  0.056    -0.299  0.048
  1918     5    -0.458  0.197    -0.400  0.079    -0.345  0.076    -0.287  0.055    -0.298  0.047
  1918     6    -0.335  0.257    -0.360  0.081    -0.346  0.074    -0.285  0.055    -0.298  0.047
  1918     7    -0.279  0.188    -0.334  0.091    -0.346  0.075    -0.285  0.055    -0.297  0.047
  1918     8    -0.367  0.159    -0.300  0.093    -0.347  0.073    -0.284  0.054    -0.296  0.047
  1918     9    -0.207  0.151    -0.288  0.102    -0.347  0.072    -0.283  0.054    -0.294  0.047
  1918    10    -0.062  0.264    -0.258  0.110    -0.347  0.072    -0.281  0.055    -0.293  0.047
  1918    11    -0.142  0.176    -0.242  0.111    -0.347  0.069    -0.278  0.055    -0.291  0.048
  1918    12    -0.312  0.177    -0.236  0.109    -0.345  0.066    -0.277  0.054    -0.289  0.048
  1919     1    -0.228  0.219    -0.235  0.096    -0.342  0.065    -0.278  0.055    -0.287  0.048
  1919     2    -0.194  0.205    -0.232  0.092    -0.341  0.066    -0.277  0.055    -0.287  0.049
  1919     3    -0.355  0.175    -0.240  0.083    -0.337  0.065    -0.274  0.056    -0.287  0.048
  1919     4    -0.162  0.127    -0.260  0.075    -0.331  0.065    -0.274  0.056    -0.286  0.048
  1919     5    -0.257  0.154    -0.282  0.080    -0.323  0.064    -0.273  0.055    -0.285  0.047
  1919     6    -0.269  0.230    -0.293  0.082    -0.314  0.063    -0.273  0.055    -0.285  0.047
  1919     7    -0.271  0.197    -0.293  0.079    -0.308  0.064    -0.274  0.054    -0.284  0.046
  1919     8    -0.327  0.115    -0.303  0.072    -0.303  0.061    -0.275  0.053    -0.283  0.046
  1919     9    -0.298  0.204    -0.288  0.069    -0.294  0.060    -0.275  0.052    -0.282  0.047
  1919    10    -0.302  0.158    -0.294  0.069    -0.288  0.059    -0.278  0.051    -0.281  0.047
  1919    11    -0.410  0.164    -0.289  0.064    -0.285  0.058    -0.278  0.050    -0.280  0.047
  1919    12    -0.444  0.161    -0.281  0.069    -0.283  0.056    -0.279  0.049    -0.280  0.047
  1920     1    -0.226  0.182    -0.280  0.079    -0.283  0.056    -0.281  0.049    -0.280  0.046
  1920     2    -0.320  0.094    -0.269  0.085    -0.284  0.055    -0.283  0.048    -0.279  0.046
  1920     3    -0.165  0.144    -0.256  0.087    -0.284  0.053    -0.286  0.046    -0.277  0.046
  1920     4    -0.244  0.148    -0.244  0.088    -0.282  0.052    -0.287  0.045    -0.276  0.045
  1920     5    -0.188  0.203    -0.231  0.078    -0.277  0.050    -0.289  0.045    -0.275  0.045
  1920     6    -0.177  0.243    -0.226  0.078    -0.268  0.049    -0.290  0.044    -0.273  0.045
  1920     7    -0.261  0.230    -0.222  0.083    -0.264  0.049    -0.292  0.044    -0.272  0.045
  1920     8    -0.191  0.210    -0.213  0.078    -0.260  0.048    -0.292  0.045    -0.271  0.046
  1920     9    -0.150  0.168    -0.226  0.088    -0.259  0.047    -0.291  0.046    -0.269  0.046
  1920    10    -0.152  0.225    -0.231  0.090    -0.256  0.046    -0.291  0.046    -0.268  0.046
  1920    11    -0.258  0.191    -0.240  0.076    -0.254  0.045    -0.290  0.045    -0.264  0.046
  1920    12    -0.377  0.119    -0.242  0.076    -0.251  0.042    -0.287  0.045    -0.262  0.046
  1921     1    -0.178  0.147    -0.227  0.071    -0.251  0.040    -0.284  0.045    -0.259  0.045
  1921     2    -0.218  0.117    -0.227  0.081    -0.250  0.041    -0.283  0.044    -0.257  0.045
  1921     3    -0.321  0.208    -0.229  0.080    -0.252  0.040    -0.280  0.044    -0.255  0.045
  1921     4    -0.305  0.136    -0.221  0.076    -0.252  0.044    -0.278  0.044    -0.254  0.045
  1921     5    -0.289  0.146    -0.212  0.071    -0.248  0.045    -0.278  0.044    -0.252  0.045
  1921     6    -0.206  0.117    -0.191  0.075    -0.242  0.047    -0.276  0.043    -0.251  0.045
  1921     7    -0.084  0.103    -0.202  0.072    -0.243  0.049    -0.275  0.042    -0.248  0.044
  1921     8    -0.192  0.182    -0.211  0.073    -0.242  0.051    -0.274  0.043    -0.246  0.045
  1921     9    -0.166  0.138    -0.202  0.065    -0.237  0.051    -0.272  0.043    -0.244  0.045
  1921    10    -0.056  0.163    -0.191  0.069    -0.239  0.053    -0.268  0.042    -0.242  0.045
  1921    11    -0.151  0.142    -0.197  0.079    -0.238  0.052    -0.263  0.041    -0.241  0.044
  1921    12    -0.131  0.078    -0.207  0.077    -0.237  0.052    -0.259  0.041    -0.241  0.044
  1922     1    -0.300  0.104    -0.215  0.083    -0.237  0.052    -0.255  0.041    -0.239  0.044
  1922     2    -0.327  0.136    -0.226  0.079    -0.237  0.053    -0.251  0.040    -0.239  0.044
  1922     3    -0.221  0.138    -0.237  0.081    -0.237  0.051    -0.247  0.040    -0.239  0.044
  1922     4    -0.168  0.184    -0.256  0.072    -0.237  0.049    -0.246  0.040    -0.238  0.044
  1922     5    -0.360  0.200    -0.259  0.074    -0.233  0.047    -0.243  0.040    -0.237  0.044
  1922     6    -0.322  0.162    -0.272  0.072    -0.232  0.048    -0.241  0.040    -0.237  0.045
  1922     7    -0.192  0.194    -0.270  0.066    -0.236  0.050    -0.240  0.038    -0.236  0.045
  1922     8    -0.312  0.145    -0.274  0.066    -0.238  0.050    -0.238  0.038    -0.234  0.045
  1922     9    -0.300  0.221    -0.290  0.059    -0.240  0.050    -0.236  0.038    -0.232  0.045
  1922    10    -0.283  0.165    -0.305  0.058    -0.240  0.049    -0.232  0.039    -0.229  0.045
  1922    11    -0.199  0.146    -0.301  0.054    -0.240  0.049    -0.228  0.040    -0.229  0.045
  1922    12    -0.285  0.145    -0.289  0.055    -0.241  0.048    -0.223  0.039    -0.228  0.045
  1923     1    -0.274  0.071    -0.298  0.048    -0.241  0.049    -0.219  0.039    -0.227  0.046
  1923     2    -0.369  0.103    -0.297  0.052    -0.241  0.050    -0.215  0.039    -0.226  0.046
  1923     3    -0.416  0.094    -0.298  0.045    -0.241  0.052    -0.213  0.040    -0.225  0.045
  1923     4    -0.349  0.157    -0.278  0.047    -0.240  0.052    -0.210  0.040    -0.225  0.045
  1923     5    -0.308  0.081    -0.257  0.049    -0.236  0.050    -0.209  0.039    -0.224  0.045
  1923     6    -0.187  0.149    -0.229  0.055    -0.228  0.050    -0.208  0.039    -0.224  0.045
  1923     7    -0.297  0.116    -0.229  0.065    -0.222  0.050    -0.207  0.039    -0.223  0.044
  1923     8    -0.301  0.191    -0.209  0.073    -0.219  0.051    -0.205  0.040    -0.223  0.044
  1923     9    -0.305  0.149    -0.177  0.078    -0.213  0.049    -0.204  0.041    -0.222  0.044
  1923    10    -0.040  0.191    -0.173  0.078    -0.209  0.048    -0.205  0.043    -0.221  0.044
  1923    11     0.049  0.151    -0.162  0.077    -0.208  0.049    -0.205  0.044    -0.222  0.044
  1923    12     0.051  0.227    -0.164  0.069    -0.206  0.049    -0.203  0.044    -0.223  0.044
  1924     1    -0.277  0.173    -0.163  0.065    -0.208  0.049    -0.204  0.046    -0.224  0.044
  1924     2    -0.128  0.159    -0.167  0.070    -0.208  0.050    -0.207  0.047    -0.223  0.044
  1924     3    -0.037  0.108    -0.164  0.069    -0.206  0.049    -0.207  0.048    -0.224  0.045
  1924     4    -0.299  0.127    -0.185  0.065    -0.204  0.049    -0.209  0.048    -0.223  0.045
  1924     5    -0.169  0.171    -0.204  0.070    -0.202  0.050    -0.210  0.048    -0.223  0.044
  1924     6    -0.210  0.179    -0.242  0.076    -0.204  0.050    -0.210  0.049    -0.223  0.044
  1924     7    -0.293  0.134    -0.256  0.078    -0.202  0.050    -0.211  0.049    -0.222  0.044
  1924     8    -0.342  0.190    -0.282  0.077    -0.199  0.050    -0.209  0.049    -0.222  0.044
  1924     9    -0.275  0.212    -0.303  0.078    -0.201  0.050    -0.209  0.049    -0.221  0.045
  1924    10    -0.286  0.145    -0.300  0.072    -0.203  0.050    -0.207  0.049    -0.221  0.045
  1924    11    -0.184  0.127    -0.302  0.068    -0.201  0.050    -0.205  0.048    -0.220  0.045
  1924    12    -0.402  0.144    -0.305  0.068    -0.198  0.051    -0.205  0.048    -0.220  0.044
  1925     1    -0.442  0.112    -0.302  0.070    -0.197  0.049    -0.205  0.048    -0.220  0.044
  1925     2    -0.437  0.158    -0.286  0.064    -0.192  0.049    -0.205  0.048    -0.219  0.044
  1925     3    -0.297  0.118    -0.277  0.064    -0.188  0.048    -0.205  0.048    -0.220  0.044
  1925     4    -0.260  0.129    -0.262  0.073    -0.182  0.049    -0.204  0.049    -0.221  0.044
  1925     5    -0.194  0.192    -0.246  0.076    -0.179  0.049    -0.204  0.049    -0.222  0.044
  1925     6    -0.248  0.154    -0.204  0.071    -0.178  0.049    -0.203  0.048    -0.222  0.044
  1925     7    -0.251  0.125    -0.154  0.070    -0.173  0.050    -0.202  0.048    -0.222  0.044
  1925     8    -0.155  0.208    -0.118  0.074    -0.169  0.049    -0.200  0.049    -0.222  0.045
  1925     9    -0.172  0.180    -0.090  0.065    -0.166  0.050    -0.200  0.048    -0.222  0.045
  1925    10    -0.105  0.194    -0.078  0.067    -0.165  0.051    -0.199  0.048    -0.222  0.045
  1925    11     0.005  0.107    -0.079  0.064    -0.164  0.052    -0.195  0.047    -0.223  0.045
  1925    12     0.104  0.084    -0.066  0.064    -0.165  0.052    -0.192  0.047    -0.222  0.045
  1926     1     0.159  0.103    -0.062  0.063    -0.162  0.052    -0.191  0.047    -0.223  0.044
  1926     2    -0.004  0.105    -0.062  0.069    -0.160  0.053    -0.191  0.048    -0.224  0.044
  1926     3     0.044  0.064    -0.056  0.063    -0.157  0.054    -0.189  0.048    -0.223  0.044
  1926     4    -0.118  0.102    -0.042  0.053    -0.158  0.054    -0.188  0.048    -0.223  0.044
  1926     5    -0.207  0.151    -0.045  0.051    -0.161  0.056    -0.188  0.049    -0.222  0.044
  1926     6    -0.092  0.181    -0.071  0.051    -0.164  0.057    -0.186  0.048    -0.221  0.044
  1926     7    -0.204  0.128    -0.103  0.055    -0.165  0.057    -0.186  0.049    -0.220  0.043
  1926     8    -0.156  0.210    -0.114  0.051    -0.171  0.057    -0.184  0.049    -0.219  0.043
  1926     9    -0.092  0.149    -0.146  0.056    -0.178  0.057    -0.182  0.048    -0.218  0.043
  1926    10     0.062  0.068    -0.160  0.069    -0.180  0.056    -0.181  0.048    -0.216  0.043
  1926    11    -0.034  0.145    -0.160  0.074    -0.183  0.057    -0.180  0.048    -0.214  0.042
  1926    12    -0.204  0.161    -0.167  0.078    -0.184  0.058    -0.179  0.048    -0.211  0.042
  1927     1    -0.226  0.088    -0.158  0.077    -0.185  0.058    -0.176  0.048    -0.209  0.042
  1927     2    -0.137  0.147    -0.148  0.062    -0.182  0.057    -0.175  0.048    -0.206  0.042
  1927     3    -0.341  0.164    -0.147  0.060    -0.181  0.058    -0.175  0.048    -0.203  0.042
  1927     4    -0.282  0.230    -0.143  0.061    -0.178  0.059    -0.174  0.048    -0.202  0.042
  1927     5    -0.215  0.182    -0.141  0.071    -0.177  0.059    -0.171  0.049    -0.200  0.043
  1927     6    -0.178  0.214    -0.146  0.074    -0.179  0.059    -0.170  0.050    -0.198  0.042
  1927     7    -0.088  0.151    -0.125  0.077    -0.175  0.058    -0.169  0.049    -0.197  0.042
  1927     8    -0.038  0.189    -0.123  0.087    -0.173  0.059    -0.168  0.050    -0.196  0.042
  1927     9    -0.081  0.210    -0.116  0.082    -0.170  0.060    -0.165  0.051    -0.194  0.042
  1927    10     0.107  0.139    -0.112  0.079    -0.169  0.062    -0.163  0.051    -0.191  0.042
  1927    11    -0.008  0.184    -0.115  0.077    -0.168  0.060    -0.163  0.051    -0.189  0.042
  1927    12    -0.260  0.137    -0.121  0.068    -0.165  0.060    -0.163  0.053    -0.186  0.042
  1928     1     0.025  0.155    -0.127  0.075    -0.162  0.060    -0.163  0.053    -0.183  0.043
  1928     2    -0.120  0.158    -0.135  0.078    -0.160  0.061    -0.162  0.053    -0.180  0.043
  1928     3    -0.254  0.094    -0.141  0.071    -0.159  0.060    -0.162  0.054    -0.178  0.043
  1928     4    -0.233  0.123    -0.156  0.075    -0.157  0.059    -0.162  0.054    -0.176  0.043
  1928     5    -0.249  0.180    -0.169  0.071    -0.155  0.060    -0.161  0.054    -0.174  0.043
  1928     6    -0.249  0.156    -0.157  0.080    -0.156  0.060    -0.162  0.054    -0.173  0.042
  1928     7    -0.162  0.140    -0.189  0.087    -0.160  0.061    -0.162  0.054    -0.172  0.042
  1928     8    -0.140  0.163    -0.221  0.090    -0.163  0.061    -0.161  0.054    -0.171  0.042
  1928     9    -0.143  0.168    -0.234  0.094    -0.166  0.062    -0.161  0.054    -0.170  0.042
  1928    10    -0.077  0.142    -0.249  0.094    -0.167  0.064    -0.162  0.054    -0.169  0.043
  1928    11    -0.165  0.189    -0.261  0.096    -0.167  0.064    -0.165  0.054    -0.168  0.043
  1928    12    -0.115  0.186    -0.262  0.095    -0.167  0.063    -0.170  0.054    -0.167  0.043
  1929     1    -0.362  0.200    -0.276  0.085    -0.163  0.063    -0.170  0.054    -0.167  0.043
  1929     2    -0.499  0.129    -0.277  0.086    -0.160  0.063    -0.170  0.054    -0.167  0.044
  1929     3    -0.417  0.120    -0.286  0.088    -0.158  0.062    -0.173  0.054    -0.166  0.044
  1929     4    -0.413  0.168    -0.289  0.079    -0.157  0.061    -0.173  0.053    -0.166  0.044
  1929     5    -0.393  0.213    -0.285  0.072    -0.157  0.062    -0.173  0.052    -0.165  0.044
  1929     6    -0.260  0.194    -0.315  0.069    -0.154  0.063    -0.172  0.052    -0.163  0.045
  1929     7    -0.327  0.072    -0.305  0.057    -0.149  0.063    -0.170  0.053    -0.162  0.045
  1929     8    -0.148  0.204    -0.287  0.054    -0.151  0.064    -0.169  0.053    -0.161  0.045
  1929     9    -0.251  0.197    -0.263  0.057    -0.148  0.065    -0.167  0.053    -0.159  0.045
  1929    10    -0.122  0.143    -0.245  0.061    -0.144  0.064    -0.165  0.054    -0.158  0.045
  1929    11    -0.116  0.151    -0.226  0.064    -0.142  0.065    -0.162  0.054    -0.157  0.044
  1929    12    -0.475  0.119    -0.209  0.065    -0.141  0.065    -0.160  0.054    -0.154  0.044
  1930     1    -0.236  0.102    -0.189  0.072    -0.142  0.065    -0.159  0.054    -0.153  0.044
  1930     2    -0.289  0.120    -0.178  0.076    -0.143  0.066    -0.154  0.054    -0.151  0.044
  1930     3    -0.128  0.140    -0.164  0.078    -0.141  0.065    -0.154  0.055    -0.150  0.044
  1930     4    -0.198  0.113    -0.156  0.082    -0.144  0.064    -0.154  0.055    -0.148  0.044
  1930     5    -0.165  0.167    -0.133  0.088    -0.148  0.063    -0.155  0.054    -0.147  0.044
  1930     6    -0.050  0.218    -0.094  0.092    -0.147  0.064    -0.155  0.055    -0.146  0.044
  1930     7    -0.082  0.153    -0.079  0.096    -0.152  0.064    -0.153  0.055    -0.145  0.044
  1930     8    -0.028  0.197    -0.070  0.095    -0.156  0.063    -0.153  0.056    -0.144  0.045
  1930     9    -0.081  0.162    -0.070  0.097    -0.158  0.065    -0.153  0.055    -0.143  0.044
  1930    10    -0.020  0.113    -0.071  0.102    -0.159  0.066    -0.152  0.055    -0.142  0.044
  1930    11     0.160  0.167    -0.073  0.092    -0.159  0.064    -0.155  0.054    -0.140  0.044
  1930    12    -0.005  0.113    -0.074  0.085    -0.159  0.065    -0.157  0.054    -0.138  0.045
  1931     1    -0.057  0.142    -0.065  0.083    -0.161  0.064    -0.162  0.054    -0.138  0.045
  1931     2    -0.188  0.120    -0.062  0.080    -0.162  0.064    -0.164  0.054    -0.137  0.046
  1931     3    -0.126  0.106    -0.052  0.072    -0.165  0.064    -0.167  0.054    -0.136  0.046
  1931     4    -0.205  0.149    -0.042  0.067    -0.166  0.064    -0.167  0.054    -0.134  0.047
  1931     5    -0.189  0.169    -0.058  0.068    -0.169  0.063    -0.167  0.055    -0.133  0.047
  1931     6    -0.064  0.167    -0.060  0.071    -0.176  0.062    -0.167  0.055    -0.132  0.048
  1931     7     0.018  0.126    -0.049  0.067    -0.174  0.060    -0.165  0.055    -0.131  0.048
  1931     8     0.014  0.239    -0.054  0.065    -0.168  0.059    -0.164  0.054    -0.130  0.049
  1931     9     0.037  0.175    -0.058  0.067    -0.168  0.059    -0.164  0.054    -0.130  0.048
  1931    10     0.097  0.111    -0.043  0.062    -0.166  0.058    -0.164  0.054    -0.128  0.049
  1931    11    -0.023  0.129    -0.036  0.072    -0.162  0.056    -0.164  0.054    -0.128  0.049
  1931    12    -0.040  0.215    -0.042  0.077    -0.159  0.054    -0.163  0.055    -0.127  0.050
  1932     1     0.080  0.091    -0.051  0.080    -0.156  0.056    -0.162  0.055    -0.125  0.050
  1932     2    -0.250  0.129    -0.064  0.069    -0.156  0.055    -0.160  0.056    -0.123  0.050
  1932     3    -0.171  0.151    -0.064  0.077    -0.153  0.055    -0.159  0.056    -0.122  0.051
  1932     4    -0.020  0.119    -0.076  0.078    -0.151  0.056    -0.158  0.056    -0.122  0.051
  1932     5    -0.108  0.205    -0.096  0.078    -0.147  0.056    -0.157  0.055    -0.120  0.052
  1932     6    -0.138  0.175    -0.111  0.076    -0.141  0.055    -0.155  0.055    -0.118  0.052
  1932     7    -0.088  0.104    -0.139  0.079    -0.143  0.056    -0.154  0.055    -0.118  0.052
  1932     8    -0.140  0.171    -0.147  0.078    -0.136  0.055    -0.153  0.055    -0.117  0.052
  1932     9     0.027  0.217    -0.164  0.077    -0.138  0.056    -0.151  0.054    -0.115  0.053
  1932    10    -0.039  0.157    -0.186  0.083    -0.140  0.055    -0.150  0.055    -0.114  0.054
  1932    11    -0.266  0.111    -0.198  0.076    -0.142  0.055    -0.150  0.054    -0.113  0.054
  1932    12    -0.220  0.129    -0.209  0.072    -0.144  0.057    -0.148  0.055    -0.112  0.055
  1933     1    -0.261  0.102    -0.227  0.076    -0.144  0.057    -0.147  0.055    -0.111  0.055
  1933     2    -0.335  0.069    -0.230  0.075    -0.146  0.056    -0.146  0.054    -0.109  0.055
  1933     3    -0.376  0.091    -0.258  0.071    -0.147  0.054    -0.143  0.055    -0.108  0.056
  1933     4    -0.286  0.179    -0.267  0.072    -0.148  0.055    -0.141  0.055    -0.106  0.057
  1933     5    -0.253  0.162    -0.276  0.071    -0.156  0.053    -0.140  0.054    -0.105  0.057
  1933     6    -0.270  0.151    -0.299  0.067    -0.159  0.052    -0.139  0.054    -0.104  0.057
  1933     7    -0.301  0.157    -0.300  0.063    -0.163  0.052    -0.138  0.053    -0.103  0.058
  1933     8    -0.176  0.181    -0.282  0.066    -0.165  0.051    -0.137  0.053    -0.101  0.058
  1933     9    -0.310  0.120    -0.283  0.067    -0.167  0.050    -0.135  0.053    -0.100  0.058
  1933    10    -0.153  0.137    -0.288  0.062    -0.167  0.049    -0.133  0.052    -0.098  0.058
  1933    11    -0.365  0.154    -0.280  0.062    -0.166  0.051    -0.131  0.051    -0.098  0.059
  1933    12    -0.502  0.129    -0.263  0.059    -0.167  0.053    -0.132  0.051    -0.097  0.059
  1934     1    -0.278  0.074    -0.248  0.057    -0.167  0.053    -0.129  0.050    -0.095  0.059
  1934     2    -0.108  0.085    -0.244  0.052    -0.168  0.053    -0.126  0.049    -0.093  0.059
  1934     3    -0.393  0.169    -0.227  0.049    -0.170  0.054    -0.125  0.050    -0.092  0.060
  1934     4    -0.345  0.179    -0.214  0.052    -0.171  0.055    -0.122  0.051    -0.091  0.060
  1934     5    -0.155  0.167    -0.173  0.053    -0.172  0.055    -0.119  0.051    -0.089  0.060
  1934     6    -0.073  0.128    -0.142  0.048    -0.171  0.053    -0.116  0.050    -0.088  0.060
  1934     7    -0.114  0.169    -0.148  0.046    -0.174  0.055    -0.113  0.051    -0.086  0.060
  1934     8    -0.130  0.142    -0.129  0.045    -0.170  0.056    -0.112  0.050    -0.084  0.061
  1934     9    -0.106  0.150    -0.115  0.040    -0.170  0.056    -0.110  0.049    -0.081  0.061
  1934    10     0.006  0.097    -0.113  0.048    -0.172  0.057    -0.109  0.050    -0.079  0.061
  1934    11     0.119  0.113    -0.125  0.055    -0.171  0.056    -0.109  0.050    -0.078  0.061
  1934    12    -0.120  0.101    -0.133  0.067    -0.169  0.056    -0.102  0.050    -0.075  0.061
  1935     1    -0.351  0.119    -0.130  0.069    -0.167  0.057    -0.100  0.050    -0.073  0.062
  1935     2     0.115  0.122    -0.130  0.073    -0.163  0.055    -0.097  0.049    -0.071  0.062
  1935     3    -0.222  0.140    -0.134  0.075    -0.161  0.053    -0.095  0.048    -0.070  0.063
  1935     4    -0.318  0.157    -0.139  0.077    -0.157  0.052    -0.092  0.049    -0.068  0.063
  1935     5    -0.302  0.170    -0.175  0.077    -0.151  0.052    -0.090  0.048    -0.067  0.063
  1935     6    -0.171  0.194    -0.181  0.072    -0.148  0.052    -0.089  0.048    -0.066  0.064
  1935     7    -0.081  0.119    -0.180  0.070    -0.143  0.051    -0.087  0.048    -0.065  0.064
  1935     8    -0.129  0.197    -0.215  0.065    -0.136  0.051    -0.087  0.048    -0.063  0.065
  1935     9    -0.148  0.157    -0.217  0.058    -0.129  0.051    -0.085  0.047    -0.062  0.065
  1935    10    -0.056  0.109    -0.205  0.063    -0.124  0.051    -0.084  0.047    -0.060  0.065
  1935    11    -0.322  0.099    -0.193  0.073    -0.122  0.051    -0.086  0.047    -0.060  0.065
  1935    12    -0.181  0.066    -0.188  0.071    -0.119  0.051    -0.084  0.048    -0.061  0.066
  1936     1    -0.341  0.098    -0.181  0.074    -0.115  0.049    -0.085  0.048    -0.061  0.065
  1936     2    -0.307  0.088    -0.172  0.077    -0.112  0.049    -0.083  0.049    -0.062  0.065
  1936     3    -0.247  0.129    -0.168  0.077    -0.106  0.049    -0.082  0.049    -0.062  0.065
  1936     4    -0.170  0.126    -0.159  0.079    -0.100  0.049    -0.080  0.049    -0.062  0.065
  1936     5    -0.169  0.185    -0.137  0.080    -0.093  0.047    -0.079  0.050    -0.061  0.065
  1936     6    -0.102  0.176    -0.125  0.083    -0.088  0.047    -0.077  0.051    -0.061  0.065
  1936     7     0.002  0.174    -0.104  0.086    -0.084  0.048    -0.076  0.052    -0.061  0.065
  1936     8    -0.025  0.171    -0.076  0.094    -0.085  0.047    -0.076  0.052    -0.060  0.065
  1936     9    -0.096  0.127    -0.071  0.100    -0.083  0.047    -0.077  0.053    -0.060  0.065
  1936    10     0.048  0.138    -0.067  0.097    -0.078  0.051    -0.076  0.054    -0.060  0.065
  1936    11    -0.059  0.111    -0.059  0.085    -0.075  0.054    -0.076  0.054    -0.060  0.066
  1936    12    -0.035  0.090    -0.052  0.083    -0.072  0.054    -0.075  0.054    -0.061  0.066
  1937     1    -0.088  0.114    -0.049  0.083    -0.071  0.054    -0.073  0.055    -0.060  0.066
  1937     2     0.033  0.146    -0.042  0.076    -0.069  0.054    -0.071  0.056    -0.059  0.066
  1937     3    -0.192  0.190    -0.020  0.073    -0.067  0.056    -0.070  0.057    -0.057  0.065
  1937     4    -0.128  0.164    -0.007  0.074    -0.068  0.057    -0.070  0.059    -0.056  0.065
  1937     5    -0.073  0.126     0.005  0.076    -0.070  0.056    -0.068  0.059    -0.055  0.064
  1937     6    -0.016  0.140     0.006  0.082    -0.063  0.056    -0.066  0.059    -0.054  0.064
  1937     7     0.041  0.163     0.018  0.081    -0.057  0.055    -0.066  0.059    -0.054  0.064
  1937     8     0.066  0.187     0.021  0.076    -0.058  0.052    -0.066  0.059    -0.054  0.064
  1937     9     0.166  0.128     0.041  0.068    -0.052  0.050    -0.066  0.059    -0.054  0.063
  1937    10     0.201  0.125     0.052  0.068    -0.045  0.054    -0.065  0.060    -0.054  0.063
  1937    11     0.088  0.095     0.049  0.058    -0.038  0.055    -0.063  0.060    -0.054  0.063
  1937    12    -0.029  0.127     0.040  0.058    -0.034  0.052    -0.061  0.061    -0.054  0.063
  1938     1     0.060  0.136     0.035  0.045    -0.031  0.053    -0.059  0.062    -0.054  0.063
  1938     2     0.064  0.075     0.025  0.040    -0.028  0.053    -0.056  0.063    -0.054  0.063
  1938     3     0.048  0.080     0.017  0.039    -0.024  0.052    -0.054  0.063    -0.054  0.063
  1938     4     0.010  0.154     0.016  0.039    -0.021  0.052    -0.051  0.064    -0.054  0.063
  1938     5    -0.105  0.076     0.015  0.039    -0.016  0.053    -0.048  0.066    -0.052  0.063
  1938     6    -0.130  0.090     0.004  0.043    -0.010  0.055    -0.046  0.066    -0.051  0.062
  1938     7    -0.022  0.184    -0.008  0.045    -0.006  0.056    -0.043  0.066    -0.050  0.061
  1938     8    -0.045  0.142    -0.026  0.052     0.000  0.057    -0.041  0.066    -0.049  0.061
  1938     9     0.071  0.104    -0.051  0.053     0.003  0.058    -0.038  0.068    -0.049  0.061
  1938    10     0.184  0.105    -0.057  0.060     0.006  0.059    -0.034  0.068    -0.049  0.060
  1938    11     0.073  0.129    -0.046  0.070     0.009  0.059    -0.030  0.068    -0.049  0.060
  1938    12    -0.163  0.142    -0.027  0.067     0.012  0.059    -0.024  0.069    -0.049  0.059
  1939     1    -0.085  0.154    -0.029  0.074     0.015  0.061    -0.019  0.069    -0.048  0.058
  1939     2    -0.143  0.168    -0.025  0.075     0.016  0.062    -0.017  0.070    -0.046  0.058
  1939     3    -0.261  0.095    -0.029  0.083     0.016  0.062    -0.012  0.070    -0.045  0.058
  1939     4    -0.056  0.155    -0.050  0.088     0.019  0.063    -0.008  0.071    -0.044  0.057
  1939     5     0.029  0.178    -0.059  0.089     0.020  0.063    -0.005  0.073    -0.042  0.057
  1939     6     0.093  0.110    -0.021  0.081     0.022  0.065    -0.004  0.073    -0.041  0.056
  1939     7    -0.043  0.134    -0.013  0.078     0.028  0.065    -0.001  0.075    -0.041  0.056
  1939     8     0.003  0.266     0.008  0.071     0.027  0.066     0.002  0.076    -0.040  0.056
  1939     9     0.019  0.211     0.039  0.069     0.031  0.067     0.005  0.076    -0.040  0.055
  1939    10    -0.069  0.171     0.054  0.073     0.032  0.069     0.007  0.076    -0.039  0.055
  1939    11    -0.037  0.186     0.057  0.075     0.034  0.071     0.007  0.077    -0.040  0.055
  1939    12     0.302  0.179     0.056  0.078     0.036  0.072     0.009  0.077    -0.038  0.055
  1940     1     0.002  0.133     0.070  0.085     0.034  0.071     0.013  0.079    -0.038  0.055
  1940     2     0.112  0.116     0.073  0.080     0.032  0.073     0.012  0.080    -0.038  0.055
  1940     3     0.108  0.136     0.080  0.086     0.030  0.075     0.014  0.080    -0.038  0.054
  1940     4     0.124  0.169     0.095  0.094     0.027  0.078     0.018  0.082    -0.038  0.054
  1940     5     0.068  0.093     0.098  0.097     0.026  0.079     0.020  0.084    -0.038  0.053
  1940     6     0.080  0.110     0.086  0.098     0.027  0.081     0.022  0.085    -0.038  0.053
  1940     7     0.131  0.189     0.077  0.099     0.024  0.083     0.023  0.087    -0.038  0.053
  1940     8     0.038  0.220     0.074  0.105     0.025  0.085     0.027  0.088    -0.038  0.052
  1940     9     0.097  0.266     0.060  0.112     0.022  0.088     0.029  0.089    -0.038  0.052
  1940    10     0.112  0.173     0.050  0.112     0.023  0.091     0.032  0.089    -0.039  0.052
  1940    11     0.008  0.193     0.044  0.115     0.025  0.093     0.035  0.090    -0.040  0.051
  1940    12     0.150  0.175     0.045  0.130     0.027  0.095     0.036  0.091    -0.041  0.051
  1941     1    -0.108  0.201     0.050  0.136     0.028  0.096     0.039  0.091    -0.042  0.051
  1941     2     0.078  0.210     0.049  0.151     0.030  0.097     0.040  0.089    -0.043  0.051
  1941     3    -0.059  0.277     0.031  0.159     0.029  0.099     0.042  0.089    -0.044  0.051
  1941     4     0.005  0.234     0.040  0.167     0.032  0.099     0.044  0.090    -0.043  0.050
  1941     5    -0.006  0.252     0.042  0.173     0.033  0.101     0.045  0.090    -0.042  0.050
  1941     6     0.101  0.265     0.036  0.190     0.039  0.104     0.044  0.089    -0.041  0.050
  1941     7     0.189  0.269     0.066  0.194     0.045  0.105     0.044  0.089    -0.041  0.049
  1941     8     0.017  0.261     0.060  0.192     0.051  0.107     0.043  0.090    -0.040  0.050
  1941     9    -0.111  0.205     0.066  0.190     0.059  0.108     0.043  0.090    -0.040  0.050
  1941    10     0.218  0.184     0.063  0.185     0.062  0.109     0.043  0.089    -0.039  0.050
  1941    11     0.031  0.148     0.068  0.181     0.065  0.110     0.043  0.090    -0.039  0.049
  1941    12     0.074  0.254     0.067  0.171     0.065  0.110     0.042  0.090    -0.038  0.049
  1942     1     0.259  0.263     0.045  0.168     0.068  0.113     0.042  0.089    -0.038  0.049
  1942     2    -0.002  0.198     0.039  0.170     0.072  0.118     0.042  0.087    -0.036  0.049
  1942     3     0.021  0.223     0.049  0.170     0.076  0.120     0.044  0.087    -0.036  0.049
  1942     4    -0.039  0.206     0.036  0.175     0.082  0.121     0.046  0.087    -0.035  0.049
  1942     5     0.057  0.226     0.032  0.182     0.084  0.123     0.046  0.086    -0.034  0.048
  1942     6     0.091  0.188     0.028  0.185     0.082  0.126     0.046  0.086    -0.033  0.048
  1942     7    -0.078  0.196     0.001  0.184     0.083  0.131     0.046  0.085    -0.032  0.047
  1942     8    -0.056  0.226     0.009  0.183     0.082  0.134     0.045  0.084    -0.031  0.047
  1942     9     0.014  0.219    -0.003  0.186     0.080  0.139     0.043  0.084    -0.031  0.047
  1942    10     0.062  0.262     0.004  0.193     0.081  0.141     0.042  0.084    -0.030  0.047
  1942    11    -0.019  0.264     0.002  0.197     0.079  0.142     0.041  0.083    -0.029  0.047
  1942    12     0.031  0.244    -0.006  0.195     0.079  0.147     0.040  0.084    -0.028  0.047
  1943     1    -0.072  0.230     0.003  0.194     0.078  0.148     0.040  0.083    -0.027  0.047
  1943     2     0.097  0.197     0.014  0.181     0.082  0.152     0.038  0.084    -0.024  0.046
  1943     3    -0.126  0.252     0.016  0.179     0.082  0.155     0.035  0.084    -0.022  0.046
  1943     4     0.048  0.234     0.040  0.168     0.084  0.157     0.034  0.084    -0.020  0.046
  1943     5     0.029  0.233     0.053  0.160     0.086  0.159     0.036  0.084    -0.018  0.047
  1943     6    -0.006  0.191     0.066  0.154     0.082  0.162     0.038  0.083    -0.016  0.047
  1943     7     0.030  0.192     0.097  0.146     0.084  0.157     0.038  0.082    -0.014  0.047
  1943     8     0.075  0.216     0.107  0.144     0.081  0.153     0.038  0.082    -0.013  0.047
  1943     9     0.038  0.199     0.134  0.136     0.081  0.149     0.037  0.081    -0.011  0.047
  1943    10     0.349  0.130     0.139  0.131     0.082  0.146     0.036  0.081    -0.010  0.047
  1943    11     0.145  0.201     0.153  0.127     0.082  0.142     0.034  0.080    -0.009  0.046
  1943    12     0.178  0.173     0.161  0.118     0.076  0.137     0.033  0.080    -0.006  0.046
  1944     1     0.309  0.122     0.172  0.120     0.072  0.134     0.034  0.080    -0.005  0.046
  1944     2     0.210  0.181     0.185  0.129     0.070  0.132     0.034  0.079    -0.005  0.046
  1944     3     0.204  0.160     0.206  0.129     0.071  0.130     0.035  0.079    -0.004  0.045
  1944     4     0.112  0.135     0.201  0.131     0.068  0.127     0.035  0.079    -0.003  0.046
  1944     5     0.193  0.159     0.197  0.127     0.067  0.125     0.034  0.078    -0.003  0.046
  1944     6     0.089  0.124     0.194  0.129     0.062  0.122     0.033  0.077    -0.002  0.046
  1944     7     0.167  0.216     0.175  0.146     0.057  0.119     0.032  0.076    -0.002  0.047
  1944     8     0.224  0.266     0.160  0.149     0.056  0.115     0.032  0.076    -0.002  0.047
  1944     9     0.289  0.235     0.144  0.160     0.058  0.112     0.030  0.075    -0.002  0.047
  1944    10     0.298  0.192     0.150  0.170     0.059  0.111     0.031  0.074    -0.002  0.047
  1944    11     0.089  0.138     0.131  0.172     0.057  0.107     0.030  0.074    -0.002  0.047
  1944    12     0.148  0.217     0.128  0.179     0.057  0.106     0.026  0.073    -0.002  0.047
  1945     1     0.077  0.328     0.118  0.176     0.058  0.102     0.024  0.073     0.001  0.046
  1945     2     0.032  0.205     0.124  0.180     0.058  0.099     0.020  0.074    -0.001  0.046
  1945     3     0.015  0.292     0.107  0.184     0.056  0.095     0.018  0.074    -0.001  0.046
  1945     4     0.176  0.271     0.104  0.184     0.056  0.092     0.015  0.073    -0.001  0.046
  1945     5    -0.037  0.271     0.104  0.187     0.056  0.090     0.015  0.072    -0.000  0.046
  1945     6     0.062  0.292     0.085  0.186     0.053  0.089     0.014  0.072     0.000  0.045
  1945     7     0.043  0.213     0.083  0.158     0.055  0.088     0.012  0.071    -0.000  0.045
  1945     8     0.292  0.211     0.068  0.143     0.051  0.087     0.011  0.070     0.001  0.045
  1945     9     0.091  0.229     0.063  0.133     0.049  0.084     0.009  0.070     0.001  0.045
  1945    10     0.257  0.138     0.052  0.130     0.045  0.084     0.007  0.069     0.001  0.045
  1945    11     0.094  0.232     0.054  0.115     0.047  0.082     0.005  0.068     0.001  0.045
  1945    12    -0.085  0.185     0.032  0.099     0.049  0.080     0.002  0.067     0.001  0.045
  1946     1     0.055  0.256     0.023  0.098     0.048  0.078    -0.000  0.066     0.002  0.045
  1946     2    -0.142  0.162    -0.009  0.106     0.047  0.079    -0.004  0.065     0.002  0.045
  1946     3    -0.045  0.200    -0.024  0.114     0.045  0.077    -0.005  0.063     0.002  0.045
  1946     4     0.045  0.222    -0.043  0.138     0.039  0.076    -0.006  0.061     0.002  0.045
  1946     5    -0.013  0.197    -0.052  0.156     0.035  0.075    -0.005  0.060     0.001  0.044
  1946     6    -0.210  0.227    -0.065  0.165     0.027  0.073    -0.004  0.059     0.001  0.044
  1946     7    -0.062  0.173    -0.073  0.157     0.023  0.073    -0.005  0.057     0.001  0.044
  1946     8    -0.094  0.256    -0.062  0.153     0.016  0.072    -0.004  0.056    -0.000  0.044
  1946     9    -0.085  0.207    -0.049  0.148     0.011  0.072    -0.002  0.055    -0.001  0.044
  1946    10     0.028  0.261    -0.051  0.141     0.008  0.073    -0.002  0.055    -0.002  0.044
  1946    11    -0.017  0.285    -0.054  0.135     0.004  0.073    -0.002  0.054    -0.003  0.044
  1946    12    -0.242  0.162    -0.031  0.123     0.001  0.072    -0.001  0.053    -0.003  0.044
  1947     1    -0.040  0.145    -0.025  0.121    -0.004  0.071    -0.002  0.052    -0.003  0.043
  1947     2    -0.007  0.100    -0.025  0.122    -0.008  0.072    -0.001  0.051    -0.003  0.043
  1947     3     0.112  0.119    -0.027  0.127    -0.016  0.071    -0.002  0.050    -0.003  0.043
  1947     4     0.015  0.125    -0.021  0.122    -0.021  0.070    -0.001  0.049    -0.003  0.042
  1947     5    -0.047  0.177    -0.022  0.113    -0.025  0.072    -0.000  0.049    -0.002  0.042
  1947     6     0.062  0.196    -0.013  0.112    -0.029  0.074    -0.000  0.048    -0.001  0.042
  1947     7     0.013  0.197    -0.008  0.116    -0.035  0.075     0.002  0.047    -0.001  0.042
  1947     8    -0.092  0.240    -0.020  0.115    -0.041  0.075     0.003  0.047    -0.001  0.042
  1947     9    -0.108  0.199    -0.048  0.116    -0.044  0.077     0.004  0.047    -0.001  0.041
  1947    10     0.096  0.157    -0.063  0.113    -0.050  0.078     0.005  0.046    -0.002  0.042
  1947    11    -0.024  0.169    -0.047  0.104    -0.050  0.077     0.005  0.047    -0.002  0.041
  1947    12    -0.138  0.171    -0.046  0.102    -0.052  0.077     0.005  0.047    -0.001  0.041
  1948     1     0.022  0.168    -0.050  0.101    -0.053  0.077     0.006  0.047     0.000  0.041
  1948     2    -0.156  0.132    -0.040  0.094    -0.059  0.078     0.007  0.047     0.000  0.041
  1948     3    -0.225  0.136    -0.038  0.087    -0.063  0.082     0.009  0.047     0.001  0.041
  1948     4    -0.162  0.116    -0.045  0.085    -0.070  0.086     0.011  0.047     0.001  0.041
  1948     5     0.143  0.184    -0.055  0.083    -0.076  0.088     0.013  0.048     0.001  0.041
  1948     6     0.077  0.178    -0.065  0.086    -0.078  0.091     0.015  0.048     0.002  0.041
  1948     7    -0.037  0.265    -0.060  0.084    -0.085  0.088     0.015  0.049     0.002  0.041
  1948     8     0.036  0.185    -0.065  0.091    -0.089  0.087     0.015  0.048     0.002  0.041
  1948     9    -0.088  0.104    -0.057  0.091    -0.091  0.086     0.016  0.049     0.001  0.041
  1948    10     0.011  0.137    -0.047  0.092    -0.093  0.085     0.014  0.050     0.001  0.040
  1948    11    -0.139  0.148    -0.063  0.090    -0.091  0.084     0.013  0.049     0.001  0.041
  1948    12    -0.260  0.112    -0.078  0.091    -0.085  0.081     0.013  0.049     0.002  0.041
  1949     1     0.074  0.114    -0.084  0.093    -0.083  0.081     0.008  0.049     0.002  0.041
  1949     2    -0.214  0.173    -0.092  0.094    -0.079  0.081     0.006  0.049     0.003  0.041
  1949     3    -0.124  0.104    -0.097  0.097    -0.075  0.082     0.004  0.050     0.004  0.041
  1949     4    -0.044  0.158    -0.101  0.099    -0.072  0.079     0.002  0.051     0.005  0.040
  1949     5    -0.045  0.127    -0.102  0.100    -0.072  0.078    -0.000  0.051     0.005  0.040
  1949     6    -0.105  0.178    -0.087  0.098    -0.064  0.076    -0.001  0.052     0.005  0.040
  1949     7    -0.117  0.141    -0.116  0.100    -0.061  0.076    -0.003  0.053     0.006  0.040
  1949     8    -0.056  0.193    -0.127  0.094    -0.059  0.076    -0.005  0.054     0.006  0.040
  1949     9    -0.145  0.154    -0.129  0.101    -0.062  0.076    -0.009  0.055     0.005  0.040
  1949    10    -0.038  0.200    -0.142  0.103    -0.060  0.078    -0.010  0.055     0.006  0.040
  1949    11    -0.153  0.123    -0.140  0.109    -0.058  0.076    -0.010  0.056     0.006  0.040
  1949    12    -0.076  0.141    -0.134  0.109    -0.057  0.075    -0.012  0.056     0.004  0.040
  1950     1    -0.274  0.117    -0.127  0.104    -0.055  0.074    -0.011  0.057     0.004  0.040
  1950     2    -0.343  0.116    -0.130  0.103    -0.051  0.071    -0.013  0.057     0.004  0.040
  1950     3    -0.156  0.153    -0.132  0.107    -0.047  0.070    -0.016  0.058     0.002  0.040
  1950     4    -0.201  0.169    -0.138  0.107    -0.047  0.069    -0.020  0.058     0.001  0.040
  1950     5    -0.011  0.207    -0.150  0.106    -0.047  0.068    -0.021  0.057     0.000  0.040
  1950     6    -0.042  0.172    -0.161  0.105    -0.043  0.068    -0.022  0.057    -0.000  0.040
  1950     7    -0.028  0.159    -0.166  0.103    -0.042  0.067    -0.024  0.058    -0.001  0.040
  1950     8    -0.093  0.132    -0.173  0.103    -0.037  0.068    -0.025  0.059    -0.001  0.040
  1950     9    -0.165  0.185    -0.174  0.102    -0.031  0.068    -0.027  0.061    -0.001  0.040
  1950    10    -0.111  0.176    -0.162  0.099    -0.023  0.068    -0.029  0.062    -0.001  0.040
  1950    11    -0.295  0.149    -0.154  0.088    -0.022  0.068    -0.032  0.062    -0.002  0.040
  1950    12    -0.216  0.131    -0.137  0.077    -0.019  0.067    -0.034  0.063    -0.002  0.039
  1951     1    -0.337  0.099    -0.128  0.078    -0.017  0.066    -0.035  0.061    -0.001  0.039
  1951     2    -0.421  0.115    -0.109  0.080    -0.016  0.065    -0.036  0.060    -0.001  0.039
  1951     3    -0.169  0.140    -0.082  0.078    -0.013  0.065    -0.038  0.060    -0.001  0.039
  1951     4    -0.052  0.119    -0.055  0.070    -0.011  0.065    -0.040  0.060    -0.000  0.039
  1951     5     0.085  0.109    -0.030  0.064    -0.009  0.063    -0.042  0.060     0.000  0.039
  1951     6     0.165  0.062     0.004  0.060    -0.002  0.062    -0.042  0.059     0.001  0.038
  1951     7     0.074  0.123     0.046  0.058    -0.006  0.062    -0.042  0.059    -0.000  0.038
  1951     8     0.138  0.129     0.090  0.056    -0.004  0.060    -0.044  0.059     0.000  0.038
  1951     9     0.157  0.108     0.100  0.055    -0.003  0.061    -0.045  0.059     0.001  0.038
  1951    10     0.208  0.071     0.112  0.060    -0.004  0.060    -0.047  0.058    -0.000  0.038
  1951    11     0.007  0.086     0.114  0.059    -0.004  0.059    -0.049  0.057    -0.000  0.038
  1951    12     0.195  0.080     0.110  0.056    -0.003  0.060    -0.047  0.056    -0.001  0.038
  1952     1     0.162  0.109     0.115  0.058    -0.002  0.060    -0.048  0.056    -0.002  0.038
  1952     2     0.110  0.126     0.114  0.055    -0.002  0.060    -0.049  0.056    -0.002  0.038
  1952     3    -0.053  0.134     0.115  0.058    -0.002  0.061    -0.051  0.056    -0.001  0.038
  1952     4     0.092  0.167     0.106  0.064     0.000  0.060    -0.051  0.057    -0.001  0.038
  1952     5     0.117  0.094     0.103  0.062     0.004  0.058    -0.049  0.057    -0.002  0.038
  1952     6     0.110  0.143     0.093  0.068     0.004  0.058    -0.048  0.058    -0.002  0.038
  1952     7     0.130  0.197     0.085  0.069     0.012  0.057    -0.048  0.057    -0.002  0.038
  1952     8     0.135  0.135     0.090  0.066     0.014  0.056    -0.046  0.056    -0.002  0.039
  1952     9     0.165  0.169     0.104  0.069     0.011  0.056    -0.045  0.056    -0.003  0.039
  1952    10     0.102  0.114     0.123  0.063     0.011  0.055    -0.045  0.056    -0.003  0.039
  1952    11    -0.027  0.161     0.133  0.074     0.008  0.053    -0.044  0.056    -0.003  0.039
  1952    12     0.068  0.119     0.144  0.077     0.007  0.052    -0.042  0.057    -0.003  0.040
  1953     1     0.067  0.094     0.140  0.083     0.005  0.052    -0.040  0.057    -0.003  0.040
  1953     2     0.178  0.069     0.137  0.074     0.008  0.053    -0.037  0.058    -0.003  0.040
  1953     3     0.113  0.134     0.131  0.075     0.010  0.054    -0.034  0.058    -0.003  0.040
  1953     4     0.322  0.128     0.134  0.068     0.011  0.053    -0.033  0.059    -0.004  0.041
  1953     5     0.235  0.193     0.135  0.063     0.012  0.053    -0.033  0.058    -0.004  0.041
  1953     6     0.236  0.116     0.141  0.060     0.011  0.052    -0.034  0.057    -0.004  0.041
  1953     7     0.087  0.141     0.120  0.063     0.014  0.052    -0.034  0.057    -0.004  0.041
  1953     8     0.095  0.117     0.101  0.060     0.017  0.053    -0.034  0.057    -0.003  0.041
  1953     9     0.093  0.179     0.085  0.060     0.015  0.054    -0.034  0.057    -0.003  0.042
  1953    10     0.146  0.106     0.050  0.062     0.012  0.055    -0.034  0.058    -0.003  0.042
  1953    11    -0.018  0.085     0.024  0.056     0.006  0.056    -0.032  0.058    -0.003  0.042
  1953    12     0.138  0.079     0.004  0.067     0.001  0.058    -0.030  0.058    -0.004  0.042
  1954     1    -0.185  0.105    -0.010  0.067    -0.002  0.058    -0.030  0.058    -0.006  0.043
  1954     2    -0.044  0.100    -0.024  0.075    -0.009  0.059    -0.028  0.058    -0.007  0.043
  1954     3    -0.086  0.132    -0.041  0.080    -0.016  0.059    -0.026  0.058    -0.009  0.043
  1954     4    -0.100  0.139    -0.046  0.082    -0.023  0.061    -0.025  0.058    -0.011  0.044
  1954     5    -0.078  0.122    -0.037  0.089    -0.026  0.061    -0.024  0.058    -0.013  0.044
  1954     6     0.004  0.212    -0.055  0.094    -0.030  0.062    -0.022  0.058    -0.014  0.045
  1954     7    -0.081  0.097    -0.025  0.095    -0.035  0.063    -0.021  0.058    -0.015  0.045
  1954     8    -0.073  0.138    -0.038  0.095    -0.038  0.062    -0.020  0.058    -0.017  0.046
  1954     9    -0.114  0.191    -0.058  0.095    -0.039  0.061    -0.019  0.058    -0.019  0.046
  1954    10     0.086  0.118    -0.068  0.093    -0.041  0.061    -0.019  0.058    -0.022  0.046
  1954    11     0.090  0.123    -0.078  0.096    -0.040  0.061    -0.019  0.057    -0.023  0.047
  1954    12    -0.075  0.137    -0.087  0.095    -0.039  0.062    -0.018  0.057    -0.025  0.047
  1955     1     0.176  0.124    -0.092  0.100    -0.041  0.061    -0.016  0.057    -0.026  0.048
  1955     2    -0.203  0.120    -0.077  0.097    -0.042  0.061    -0.012  0.057    -0.027  0.048
  1955     3    -0.334  0.120    -0.075  0.094    -0.043  0.062    -0.014  0.057    -0.027  0.048
  1955     4    -0.209  0.164    -0.083  0.093    -0.043  0.063    -0.014  0.057    -0.029  0.049
  1955     5    -0.201  0.156    -0.114  0.089    -0.042  0.063    -0.014  0.056    -0.030  0.049
  1955     6    -0.105  0.150    -0.130  0.088    -0.041  0.064    -0.014  0.056    -0.030  0.049
  1955     7    -0.147  0.165    -0.157  0.086    -0.037  0.066    -0.014  0.056    -0.031  0.049
  1955     8     0.114  0.088    -0.158  0.090    -0.037  0.067    -0.013  0.056    -0.033  0.049
  1955     9    -0.089  0.117    -0.153  0.092    -0.037  0.068    -0.011  0.056    -0.034  0.050
  1955    10    -0.014  0.090    -0.156  0.094    -0.042  0.069    -0.010  0.056    -0.035  0.050
  1955    11    -0.275  0.066    -0.161  0.098    -0.045  0.069    -0.009  0.056    -0.035  0.051
  1955    12    -0.278  0.110    -0.165  0.095    -0.050  0.071    -0.005  0.056    -0.035  0.051
  1956     1    -0.140  0.116    -0.163  0.091    -0.050  0.071    -0.002  0.056    -0.036  0.050
  1956     2    -0.211  0.152    -0.197  0.095    -0.052  0.071     0.002  0.056    -0.036  0.050
  1956     3    -0.284  0.124    -0.210  0.098    -0.055  0.071     0.004  0.056    -0.036  0.050
  1956     4    -0.242  0.157    -0.226  0.101    -0.057  0.071     0.005  0.056    -0.037  0.050
  1956     5    -0.261  0.177    -0.217  0.106    -0.056  0.072     0.006  0.056    -0.037  0.049
  1956     6    -0.156  0.107    -0.198  0.107    -0.057  0.073     0.006  0.057    -0.036  0.049
  1956     7    -0.118  0.116    -0.198  0.104    -0.053  0.072     0.005  0.057    -0.035  0.049
  1956     8    -0.299  0.118    -0.188  0.095    -0.052  0.072     0.005  0.057    -0.035  0.049
  1956     9    -0.241  0.099    -0.174  0.090    -0.049  0.073     0.003  0.057    -0.035  0.049
  1956    10    -0.207  0.124    -0.154  0.085    -0.045  0.074     0.002  0.057    -0.036  0.049
  1956    11    -0.174  0.125    -0.120  0.079    -0.043  0.074     0.002  0.057    -0.036  0.048
  1956    12    -0.044  0.123    -0.092  0.075    -0.042  0.073    -0.001  0.057    -0.035  0.047
  1957     1    -0.138  0.086    -0.082  0.071    -0.039  0.073    -0.002  0.056    -0.035  0.047
  1957     2    -0.091  0.059    -0.047  0.067    -0.038  0.073    -0.002  0.055    -0.037  0.047
  1957     3    -0.120  0.078    -0.022  0.067    -0.037  0.074    -0.001  0.055    -0.037  0.047
  1957     4     0.004  0.098     0.004  0.067    -0.038  0.074    -0.001  0.054    -0.037  0.047
  1957     5     0.137  0.100     0.025  0.064    -0.041  0.074    -0.004  0.054    -0.037  0.047
  1957     6     0.184  0.091     0.039  0.064    -0.040  0.074    -0.005  0.055    -0.037  0.048
  1957     7     0.008  0.094     0.076  0.066    -0.044  0.073    -0.006  0.055    -0.037  0.048
  1957     8     0.119  0.083     0.097  0.070    -0.038  0.073    -0.008  0.056    -0.037  0.048
  1957     9     0.054  0.119     0.116  0.073    -0.039  0.072    -0.010  0.056    -0.037  0.047
  1957    10     0.111  0.106     0.116  0.075    -0.038  0.071    -0.010  0.055    -0.037  0.047
  1957    11     0.074  0.078     0.109  0.074    -0.036  0.071    -0.010  0.056    -0.037  0.047
  1957    12     0.125  0.078     0.091  0.077    -0.035  0.070    -0.011  0.056    -0.037  0.047
  1958     1     0.310  0.098     0.094  0.079    -0.033  0.069    -0.012  0.057    -0.038  0.047
  1958     2     0.162  0.129     0.083  0.077    -0.034  0.070    -0.012  0.057    -0.038  0.047
  1958     3     0.101  0.091     0.071  0.074    -0.032  0.070    -0.015  0.058    -0.037  0.047
  1958     4     0.010  0.115     0.068  0.073    -0.030  0.070    -0.019  0.058    -0.037  0.047
  1958     5     0.053  0.101     0.064  0.075    -0.029  0.070    -0.022  0.058    -0.038  0.047
  1958     6    -0.036  0.098     0.058  0.077    -0.021  0.069    -0.023  0.059    -0.039  0.047
  1958     7     0.050  0.104     0.037  0.074    -0.018  0.068    -0.023  0.060    -0.039  0.046
  1958     8    -0.017  0.079     0.024  0.071    -0.013  0.067    -0.022  0.060    -0.040  0.046
  1958     9    -0.086  0.081     0.023  0.070    -0.008  0.066    -0.021  0.060    -0.040  0.046
  1958    10     0.068  0.078     0.034  0.069    -0.002  0.065    -0.021  0.060    -0.040  0.046
  1958    11     0.024  0.108     0.035  0.070     0.005  0.062    -0.020  0.060    -0.040  0.046
  1958    12     0.057  0.112     0.045  0.068     0.010  0.062    -0.021  0.060    -0.039  0.046
  1959     1     0.057  0.080     0.047  0.070     0.013  0.062    -0.020  0.060    -0.040  0.046
  1959     2     0.002  0.105     0.049  0.075     0.019  0.062    -0.021  0.059    -0.040  0.046
  1959     3     0.094  0.078     0.051  0.078     0.023  0.061    -0.023  0.060    -0.040  0.046
  1959     4     0.145  0.109     0.048  0.078     0.027  0.060    -0.025  0.060    -0.039  0.045
  1959     5     0.062  0.094     0.035  0.076     0.030  0.060    -0.026  0.060    -0.038  0.045
  1959     6     0.089  0.067     0.031  0.075     0.028  0.060    -0.027  0.060    -0.037  0.045
  1959     7     0.070  0.090     0.024  0.072     0.031  0.059    -0.027  0.060    -0.037  0.045
  1959     8     0.004  0.109     0.032  0.069     0.034  0.058    -0.028  0.059    -0.037  0.045
  1959     9    -0.063  0.117    -0.005  0.068     0.038  0.058    -0.030  0.059    -0.036  0.045
  1959    10     0.034  0.096    -0.033  0.065     0.038  0.057    -0.033  0.059    -0.035  0.044
  1959    11    -0.131  0.088    -0.044  0.066     0.033  0.057    -0.036  0.059    -0.034  0.044
  1959    12     0.006  0.071    -0.053  0.069     0.030  0.056    -0.038  0.059    -0.033  0.044
  1960     1    -0.027  0.066    -0.060  0.071     0.029  0.057    -0.040  0.059    -0.032  0.044
  1960     2     0.100  0.082    -0.057  0.069     0.026  0.057    -0.040  0.058    -0.030  0.044
  1960     3    -0.350  0.061    -0.048  0.070     0.024  0.055    -0.039  0.058    -0.029  0.044
  1960     4    -0.187  0.098    -0.047  0.069     0.023  0.054    -0.039  0.057    -0.028  0.044
  1960     5    -0.077  0.089    -0.050  0.068     0.021  0.054    -0.038  0.057    -0.028  0.043
  1960     6    -0.018  0.111    -0.036  0.067     0.019  0.054    -0.038  0.056    -0.028  0.043
  1960     7    -0.017  0.106    -0.031  0.064     0.013  0.053    -0.038  0.056    -0.028  0.043
  1960     8     0.047  0.088    -0.029  0.063     0.013  0.053    -0.040  0.055    -0.028  0.043
  1960     9     0.045  0.108     0.000  0.064     0.007  0.053    -0.040  0.055    -0.027  0.043
  1960    10     0.048  0.112     0.027  0.064     0.005  0.052    -0.040  0.054    -0.027  0.043
  1960    11    -0.166  0.065     0.046  0.062     0.002  0.052    -0.039  0.054    -0.026  0.043
  1960    12     0.166  0.048     0.061  0.058     0.003  0.052    -0.037  0.054    -0.026  0.043
  1961     1     0.030  0.075     0.064  0.056     0.004  0.053    -0.037  0.053    -0.025  0.043
  1961     2     0.127  0.066     0.065  0.052     0.009  0.054    -0.036  0.052    -0.024  0.043
  1961     3     0.005  0.088     0.062  0.052     0.013  0.054    -0.034  0.052    -0.024  0.043
  1961     4     0.136  0.088     0.060  0.050     0.015  0.053    -0.033  0.051    -0.025  0.043
  1961     5     0.150  0.073     0.074  0.051     0.017  0.053    -0.032  0.050    -0.025  0.043
  1961     6     0.156  0.093     0.049  0.053     0.016  0.053    -0.030  0.050    -0.026  0.043
  1961     7     0.026  0.103     0.049  0.052     0.014  0.052    -0.028  0.049    -0.027  0.043
  1961     8     0.054  0.070     0.047  0.051     0.011  0.051    -0.026  0.049    -0.028  0.043
  1961     9     0.010  0.102     0.055  0.049     0.004  0.051    -0.025  0.049    -0.029  0.043
  1961    10     0.025  0.038     0.045  0.049    -0.004  0.051    -0.024  0.048    -0.030  0.043
  1961    11     0.007  0.074     0.020  0.052    -0.010  0.051    -0.023  0.048    -0.031  0.043
  1961    12    -0.141  0.087     0.004  0.051    -0.012  0.051    -0.023  0.047    -0.032  0.043
  1962     1     0.036  0.060    -0.002  0.047    -0.014  0.051    -0.023  0.047    -0.034  0.043
  1962     2     0.101  0.083    -0.010  0.051    -0.018  0.050    -0.024  0.047    -0.035  0.043
  1962     3     0.103  0.104    -0.016  0.046    -0.023  0.049    -0.024  0.046    -0.035  0.043
  1962     4     0.010  0.083    -0.016  0.047    -0.028  0.049    -0.024  0.046    -0.036  0.042
  1962     5    -0.144  0.062    -0.017  0.045    -0.030  0.049    -0.024  0.047    -0.036  0.042
  1962     6    -0.035  0.070    -0.006  0.045    -0.035  0.048    -0.026  0.047    -0.036  0.042
  1962     7    -0.049  0.111    -0.013  0.047    -0.036  0.048    -0.026  0.047    -0.037  0.042
  1962     8    -0.047  0.093    -0.011  0.051    -0.041  0.048    -0.027  0.047    -0.037  0.043
  1962     9    -0.057  0.093    -0.041  0.049    -0.038  0.047    -0.028  0.046    -0.037  0.043
  1962    10     0.025  0.062    -0.050  0.049    -0.039  0.047    -0.029  0.046    -0.038  0.043
  1962    11    -0.002  0.072    -0.046  0.050    -0.040  0.047    -0.030  0.046    -0.038  0.043
  1962    12    -0.015  0.078    -0.042  0.053    -0.042  0.046    -0.032  0.046    -0.037  0.043
  1963     1    -0.042  0.066    -0.028  0.054    -0.043  0.046    -0.037  0.045    -0.036  0.044
  1963     2     0.122  0.083    -0.002  0.055    -0.046  0.045    -0.040  0.045    -0.036  0.044
  1963     3    -0.254  0.060     0.016  0.058    -0.049  0.043    -0.040  0.044    -0.036  0.044
  1963     4    -0.107  0.095     0.029  0.062    -0.050  0.042    -0.041  0.044    -0.036  0.044
  1963     5    -0.094  0.083     0.040  0.061    -0.048  0.042    -0.043  0.044    -0.036  0.044
  1963     6     0.013  0.124     0.044  0.062    -0.052  0.042    -0.043  0.043    -0.036  0.045
  1963     7     0.125  0.106     0.039  0.058    -0.055  0.041    -0.045  0.043    -0.036  0.045
  1963     8     0.260  0.110     0.015  0.056    -0.059  0.041    -0.046  0.043    -0.036  0.045
  1963     9     0.165  0.077     0.009  0.056    -0.060  0.041    -0.046  0.043    -0.037  0.045
  1963    10     0.178  0.065    -0.010  0.060    -0.064  0.040    -0.046  0.043    -0.037  0.044
  1963    11     0.123  0.060    -0.026  0.060    -0.068  0.040    -0.048  0.042    -0.037  0.044
  1963    12     0.035  0.077    -0.030  0.062    -0.071  0.040    -0.049  0.042    -0.038  0.044
  1964     1    -0.103  0.075    -0.046  0.059    -0.070  0.039    -0.050  0.042    -0.038  0.044
  1964     2    -0.155  0.052    -0.087  0.054    -0.071  0.039    -0.052  0.041    -0.039  0.044
  1964     3    -0.328  0.076    -0.128  0.053    -0.072  0.039    -0.053  0.041    -0.039  0.044
  1964     4    -0.342  0.129    -0.165  0.055    -0.075  0.039    -0.054  0.040    -0.039  0.044
  1964     5    -0.280  0.095    -0.198  0.054    -0.076  0.038    -0.053  0.040    -0.039  0.044
  1964     6    -0.042  0.117    -0.225  0.053    -0.074  0.037    -0.053  0.040    -0.039  0.043
  1964     7    -0.067  0.082    -0.224  0.054    -0.077  0.036    -0.053  0.040    -0.039  0.043
  1964     8    -0.229  0.087    -0.227  0.055    -0.083  0.037    -0.054  0.039    -0.039  0.042
  1964     9    -0.323  0.057    -0.217  0.052    -0.086  0.037    -0.053  0.039    -0.038  0.043
  1964    10    -0.267  0.106    -0.207  0.049    -0.087  0.037    -0.052  0.039    -0.039  0.043
  1964    11    -0.270  0.090    -0.194  0.045    -0.082  0.038    -0.050  0.038    -0.040  0.043
  1964    12    -0.292  0.068    -0.201  0.041    -0.082  0.039    -0.048  0.039    -0.040  0.043
  1965     1    -0.093  0.084    -0.205  0.041    -0.081  0.039    -0.047  0.038    -0.041  0.043
  1965     2    -0.194  0.066    -0.193  0.043    -0.081  0.039    -0.047  0.038    -0.040  0.042
  1965     3    -0.198  0.072    -0.181  0.042    -0.081  0.039    -0.045  0.039    -0.038  0.042
  1965     4    -0.233  0.067    -0.157  0.036    -0.080  0.039    -0.043  0.038    -0.037  0.042
  1965     5    -0.120  0.080    -0.142  0.032    -0.082  0.039    -0.042  0.038    -0.035  0.042
  1965     6    -0.120  0.063    -0.121  0.031    -0.083  0.039    -0.042  0.038    -0.035  0.041
  1965     7    -0.124  0.067    -0.128  0.026    -0.087  0.038    -0.042  0.037    -0.034  0.041
  1965     8    -0.083  0.072    -0.119  0.026    -0.092  0.038    -0.044  0.037    -0.036  0.041
  1965     9    -0.171  0.102    -0.109  0.031    -0.087  0.038    -0.044  0.037    -0.035  0.041
  1965    10     0.012  0.055    -0.096  0.029    -0.087  0.037    -0.044  0.036    -0.036  0.041
  1965    11    -0.087  0.049    -0.097  0.027    -0.088  0.037    -0.043  0.036    -0.036  0.040
  1965    12    -0.034  0.044    -0.086  0.027    -0.089  0.036    -0.046  0.036    -0.035  0.040
  1966     1    -0.185  0.045    -0.067  0.028    -0.094  0.036    -0.047  0.036    -0.035  0.040
  1966     2    -0.083  0.060    -0.064  0.029    -0.100  0.035    -0.050  0.036    -0.035  0.039
  1966     3    -0.082  0.078    -0.052  0.036    -0.106  0.035    -0.052  0.036    -0.035  0.039
  1966     4    -0.077  0.084    -0.065  0.037    -0.108  0.035    -0.054  0.035    -0.034  0.038
  1966     5    -0.125  0.028    -0.062  0.036    -0.112  0.035    -0.056  0.035    -0.034  0.038
  1966     6     0.012  0.057    -0.063  0.036    -0.114  0.035    -0.059  0.035    -0.034  0.038
  1966     7     0.097  0.141    -0.058  0.036    -0.114  0.035    -0.060  0.035    -0.034  0.037
  1966     8    -0.050  0.093    -0.074  0.037    -0.115  0.035    -0.061  0.035    -0.033  0.037
  1966     9    -0.023  0.068    -0.071  0.035    -0.110  0.034    -0.062  0.035    -0.032  0.037
  1966    10    -0.138  0.067    -0.069  0.037    -0.103  0.033    -0.062  0.035    -0.032  0.037
  1966    11    -0.061  0.039    -0.046  0.045    -0.095  0.032    -0.063  0.035    -0.031  0.036
  1966    12    -0.040  0.054    -0.050  0.050    -0.093  0.033    -0.063  0.035    -0.031  0.036
  1967     1    -0.129  0.061    -0.058  0.050    -0.092  0.033    -0.066  0.035    -0.029  0.036
  1967     2    -0.276  0.064    -0.057  0.053    -0.089  0.033    -0.069  0.036    -0.028  0.036
  1967     3    -0.038  0.065    -0.060  0.051    -0.083  0.034    -0.070  0.036    -0.027  0.036
  1967     4    -0.056  0.102    -0.045  0.052    -0.076  0.033    -0.070  0.036    -0.026  0.036
  1967     5     0.153  0.122    -0.049  0.055    -0.071  0.033    -0.069  0.036    -0.025  0.035
  1967     6    -0.042  0.083    -0.051  0.056    -0.062  0.034    -0.068  0.036    -0.025  0.035
  1967     7     0.003  0.107    -0.062  0.055    -0.059  0.034    -0.067  0.036    -0.024  0.035
  1967     8    -0.036  0.074    -0.057  0.052    -0.054  0.034    -0.066  0.036    -0.023  0.035
  1967     9    -0.063  0.070    -0.047  0.053    -0.051  0.036    -0.065  0.037    -0.023  0.035
  1967    10     0.047  0.052    -0.052  0.051    -0.046  0.036    -0.065  0.037    -0.023  0.035
  1967    11    -0.111  0.083    -0.079  0.045    -0.045  0.036    -0.065  0.037    -0.022  0.035
  1967    12    -0.065  0.064    -0.080  0.041    -0.043  0.037    -0.063  0.037    -0.023  0.034
  1968     1    -0.258  0.043    -0.093  0.039    -0.042  0.037    -0.061  0.037    -0.024  0.034
  1968     2    -0.213  0.051    -0.099  0.038    -0.042  0.037    -0.060  0.036    -0.024  0.034
  1968     3     0.075  0.072    -0.109  0.042    -0.039  0.039    -0.056  0.036    -0.023  0.033
  1968     4    -0.110  0.090    -0.107  0.044    -0.039  0.040    -0.053  0.037    -0.023  0.033
  1968     5    -0.173  0.062    -0.107  0.047    -0.038  0.040    -0.051  0.036    -0.023  0.033
  1968     6    -0.053  0.062    -0.112  0.049    -0.040  0.040    -0.049  0.037    -0.022  0.032
  1968     7    -0.162  0.084    -0.100  0.052    -0.038  0.040    -0.049  0.037    -0.022  0.032
  1968     8    -0.101  0.087    -0.096  0.055    -0.041  0.040    -0.051  0.036    -0.023  0.032
  1968     9    -0.184  0.109    -0.108  0.054    -0.044  0.040    -0.052  0.036    -0.022  0.032
  1968    10     0.072  0.063    -0.090  0.054    -0.045  0.040    -0.053  0.036    -0.022  0.032
  1968    11    -0.111  0.077    -0.061  0.052    -0.044  0.040    -0.054  0.036    -0.021  0.032
  1968    12    -0.120  0.060    -0.049  0.054    -0.046  0.041    -0.055  0.036    -0.021  0.032
  1969     1    -0.117  0.054    -0.038  0.054    -0.050  0.041    -0.055  0.035    -0.021  0.031
  1969     2    -0.166  0.066    -0.030  0.054    -0.051  0.041    -0.057  0.035    -0.021  0.031
  1969     3    -0.068  0.077    -0.012  0.050    -0.051  0.042    -0.055  0.035    -0.021  0.031
  1969     4     0.106  0.093    -0.009  0.048    -0.050  0.042    -0.054  0.035    -0.021  0.031
  1969     5     0.170  0.064     0.007  0.048    -0.050  0.043    -0.052  0.035    -0.021  0.030
  1969     6     0.099  0.093     0.036  0.047    -0.052  0.043    -0.052  0.034    -0.021  0.030
  1969     7    -0.036  0.092     0.054  0.045    -0.055  0.043    -0.052  0.034    -0.021  0.030
  1969     8    -0.008  0.114     0.077  0.045    -0.054  0.043    -0.049  0.034    -0.020  0.030
  1969     9     0.040  0.058     0.081  0.049    -0.054  0.043    -0.047  0.034    -0.019  0.030
  1969    10     0.105  0.061     0.076  0.048    -0.054  0.043    -0.045  0.034    -0.018  0.030
  1969    11     0.076  0.066     0.059  0.051    -0.056  0.043    -0.044  0.034    -0.016  0.029
  1969    12     0.233  0.074     0.048  0.050    -0.054  0.042    -0.042  0.034    -0.014  0.029
  1970     1     0.096  0.045     0.049  0.049    -0.054  0.042    -0.042  0.035    -0.013  0.029
  1970     2     0.114  0.059     0.038  0.044    -0.051  0.043    -0.040  0.035    -0.011  0.029
  1970     3    -0.024  0.108     0.039  0.047    -0.050  0.043    -0.037  0.035    -0.008  0.029
  1970     4     0.042  0.064     0.031  0.049    -0.050  0.043    -0.035  0.035    -0.006  0.029
  1970     5    -0.030  0.083     0.020  0.047    -0.048  0.043    -0.033  0.035    -0.004  0.029
  1970     6    -0.035  0.062    -0.011  0.044    -0.043  0.043    -0.032  0.036    -0.003  0.029
  1970     7    -0.020  0.082    -0.026  0.044    -0.035  0.044    -0.031  0.036    -0.002  0.029
  1970     8    -0.139  0.076    -0.056  0.043    -0.028  0.044    -0.031  0.036    -0.001  0.029
  1970     9     0.048  0.076    -0.075  0.039    -0.026  0.044    -0.031  0.037     0.000  0.028
  1970    10     0.013  0.065    -0.089  0.039    -0.020  0.045    -0.031  0.037     0.001  0.028
  1970    11    -0.059  0.056    -0.092  0.037    -0.013  0.045    -0.033  0.037     0.003  0.028
  1970    12    -0.133  0.040    -0.101  0.040    -0.009  0.045    -0.033  0.037     0.003  0.028
  1971     1    -0.088  0.043    -0.109  0.040    -0.005  0.045    -0.033  0.037     0.005  0.028
  1971     2    -0.243  0.055    -0.106  0.042    -0.002  0.045    -0.033  0.037     0.006  0.028
  1971     3    -0.253  0.061    -0.114  0.043     0.001  0.044    -0.035  0.037     0.007  0.028
  1971     4    -0.124  0.071    -0.120  0.042     0.001  0.043    -0.035  0.037     0.008  0.028
  1971     5    -0.065  0.083    -0.123  0.043     0.003  0.042    -0.037  0.037     0.008  0.028
  1971     6    -0.142  0.091    -0.124  0.047     0.005  0.042    -0.037  0.037     0.009  0.027
  1971     7    -0.117  0.057    -0.140  0.049     0.004  0.042    -0.039  0.037     0.011  0.027
  1971     8    -0.106  0.070    -0.141  0.049     0.001  0.041    -0.039  0.037     0.012  0.027
  1971     9    -0.053  0.083    -0.123  0.048    -0.001  0.041    -0.039  0.038     0.013  0.027
  1971    10    -0.052  0.063    -0.114  0.049    -0.005  0.041    -0.040  0.038     0.014  0.027
  1971    11    -0.100  0.056    -0.108  0.050    -0.009  0.041    -0.040  0.038     0.015  0.027
  1971    12    -0.147  0.067    -0.089  0.047    -0.011  0.040    -0.038  0.038     0.017  0.027
  1972     1    -0.282  0.054    -0.078  0.050    -0.011  0.039    -0.035  0.038     0.017  0.027
  1972     2    -0.251  0.058    -0.059  0.053    -0.009  0.039    -0.031  0.038     0.018  0.027
  1972     3    -0.039  0.059    -0.052  0.053    -0.011  0.039    -0.030  0.038     0.017  0.027
  1972     4    -0.013  0.072    -0.044  0.050    -0.014  0.040    -0.027  0.038     0.017  0.027
  1972     5     0.004  0.059    -0.038  0.049    -0.017  0.039    -0.026  0.038     0.018  0.027
  1972     6     0.085  0.081    -0.007  0.048    -0.023  0.039    -0.023  0.037     0.019  0.027
  1972     7     0.012  0.125     0.037  0.049    -0.025  0.039    -0.021  0.037     0.020  0.027
  1972     8     0.130  0.113     0.078  0.049    -0.025  0.039    -0.019  0.037     0.020  0.026
  1972     9     0.024  0.076     0.095  0.051    -0.024  0.038    -0.017  0.037     0.021  0.026
  1972    10     0.051  0.064     0.117  0.054    -0.024  0.038    -0.017  0.037     0.022  0.027
  1972    11    -0.027  0.053     0.136  0.055    -0.021  0.038    -0.014  0.037     0.022  0.026
  1972    12     0.226  0.055     0.146  0.057    -0.020  0.039    -0.013  0.037     0.024  0.026
  1973     1     0.243  0.064     0.153  0.051    -0.020  0.039    -0.010  0.037     0.026  0.026
  1973     2     0.236  0.054     0.145  0.047    -0.020  0.040    -0.007  0.038     0.027  0.026
  1973     3     0.170  0.072     0.145  0.044    -0.022  0.040    -0.007  0.038     0.029  0.026
  1973     4     0.247  0.091     0.146  0.043    -0.024  0.039    -0.005  0.037     0.031  0.026
  1973     5     0.230  0.066     0.151  0.041    -0.027  0.039    -0.002  0.037     0.033  0.026
  1973     6     0.204  0.070     0.130  0.041    -0.027  0.039    -0.002  0.036     0.034  0.026
  1973     7     0.101  0.062     0.095  0.039    -0.027  0.039     0.001  0.036     0.034  0.026
  1973     8     0.035  0.100     0.047  0.039    -0.025  0.039     0.000  0.036     0.035  0.026
  1973     9     0.026  0.051     0.019  0.036    -0.026  0.039     0.003  0.036     0.036  0.026
  1973    10     0.063  0.062    -0.013  0.033    -0.026  0.039     0.002  0.036     0.036  0.026
  1973    11     0.024  0.080    -0.039  0.034    -0.029  0.039     0.005  0.036     0.036  0.026
  1973    12    -0.020  0.068    -0.057  0.031    -0.029  0.038     0.006  0.035     0.037  0.026
  1974     1    -0.183  0.051    -0.070  0.032    -0.027  0.039     0.008  0.035     0.039  0.025
  1974     2    -0.336  0.071    -0.065  0.030    -0.027  0.039     0.009  0.035     0.040  0.025
  1974     3    -0.168  0.061    -0.072  0.028    -0.027  0.039     0.011  0.035     0.042  0.025
  1974     4    -0.140  0.085    -0.084  0.031    -0.029  0.038     0.011  0.035     0.044  0.025
  1974     5    -0.073  0.081    -0.096  0.030    -0.029  0.038     0.010  0.035     0.046  0.025
  1974     6    -0.017  0.068    -0.103  0.030    -0.024  0.038     0.011  0.034     0.047  0.025
  1974     7    -0.055  0.097    -0.089  0.032    -0.016  0.038     0.011  0.034     0.047  0.025
  1974     8     0.099  0.038    -0.055  0.030    -0.008  0.038     0.013  0.034     0.049  0.025
  1974     9    -0.064  0.061    -0.035  0.033    -0.005  0.038     0.015  0.034     0.051  0.025
  1974    10    -0.071  0.096    -0.018  0.036    -0.001  0.038     0.016  0.034     0.053  0.025
  1974    11    -0.121  0.072    -0.001  0.037     0.004  0.038     0.018  0.034     0.054  0.025
  1974    12    -0.110  0.061     0.001  0.045     0.008  0.037     0.020  0.033     0.055  0.026
  1975     1    -0.010  0.058     0.004  0.047     0.012  0.037     0.022  0.033     0.057  0.026
  1975     2     0.071  0.056    -0.018  0.052     0.014  0.036     0.025  0.033     0.057  0.026
  1975     3     0.069  0.111    -0.017  0.054     0.015  0.036     0.028  0.033     0.059  0.026
  1975     4     0.061  0.076    -0.020  0.052     0.016  0.036     0.031  0.033     0.060  0.026
  1975     5     0.130  0.093    -0.029  0.054     0.019  0.036     0.034  0.033     0.061  0.026
  1975     6     0.016  0.099    -0.030  0.053     0.017  0.037     0.036  0.032     0.063  0.026
  1975     7    -0.018  0.066    -0.036  0.052     0.014  0.037     0.039  0.032     0.063  0.026
  1975     8    -0.168  0.102    -0.056  0.054     0.013  0.037     0.043  0.033     0.064  0.026
  1975     9    -0.056  0.077    -0.086  0.051     0.012  0.037     0.044  0.033     0.065  0.026
  1975    10    -0.108  0.058    -0.102  0.050     0.010  0.036     0.046  0.032     0.066  0.026
  1975    11    -0.228  0.068    -0.135  0.046     0.009  0.036     0.048  0.032     0.067  0.026
  1975    12    -0.121  0.067    -0.144  0.041     0.006  0.036     0.051  0.032     0.068  0.026
  1976     1    -0.083  0.048    -0.146  0.045     0.006  0.036     0.056  0.032     0.069  0.027
  1976     2    -0.163  0.074    -0.140  0.046     0.003  0.036     0.062  0.032     0.071  0.027
  1976     3    -0.299  0.079    -0.138  0.047     0.004  0.036     0.067  0.032     0.072  0.026
  1976     4    -0.125  0.059    -0.145  0.046     0.004  0.037     0.071  0.031     0.074  0.027
  1976     5    -0.262  0.068    -0.132  0.045     0.006  0.037     0.073  0.031     0.075  0.027
  1976     6    -0.099  0.069    -0.112  0.048     0.008  0.037     0.077  0.030     0.076  0.027
  1976     7    -0.040  0.114    -0.085  0.049     0.013  0.037     0.081  0.031     0.076  0.027
  1976     8    -0.092  0.111    -0.056  0.050     0.017  0.036     0.085  0.031     0.077  0.027
  1976     9    -0.034  0.106    -0.017  0.049     0.022  0.036     0.088  0.030     0.078  0.027
  1976    10    -0.197  0.033     0.012  0.049     0.027  0.036     0.090  0.030     0.079  0.027
  1976    11    -0.072  0.066     0.060  0.045     0.029  0.036     0.092  0.030     0.080  0.027
  1976    12     0.123  0.054     0.094  0.044     0.032  0.036     0.098  0.030     0.081  0.027
  1977     1     0.242  0.057     0.117  0.040     0.034  0.036     0.101  0.030     0.082  0.027
  1977     2     0.189  0.074     0.146  0.037     0.035  0.036     0.104  0.030     0.085  0.027
  1977     3     0.158  0.077     0.156  0.031     0.040  0.037     0.104  0.030     0.086  0.027
  1977     4     0.232  0.061     0.182  0.032     0.046  0.036     0.104  0.030     0.087  0.027
  1977     5     0.310  0.064     0.203  0.034     0.053  0.036     0.105  0.030     0.087  0.027
  1977     6     0.308  0.061     0.200  0.036     0.063  0.036     0.106  0.029     0.089  0.027
  1977     7     0.236  0.085     0.187  0.035     0.069  0.035     0.107  0.029     0.091  0.027
  1977     8     0.261  0.044     0.183  0.034     0.075  0.035     0.107  0.028     0.093  0.027
  1977     9     0.083  0.079     0.181  0.035     0.079  0.034     0.108  0.028     0.095  0.027
  1977    10     0.114  0.051     0.172  0.036     0.085  0.034     0.109  0.029     0.096  0.027
  1977    11     0.180  0.062     0.158  0.038     0.089  0.033     0.110  0.029     0.097  0.027
  1977    12     0.084  0.074     0.136  0.040     0.093  0.032     0.111  0.029     0.099  0.027
  1978     1     0.084  0.064     0.126  0.041     0.099  0.032     0.113  0.029     0.102  0.027
  1978     2     0.144  0.071     0.091  0.044     0.106  0.032     0.114  0.029     0.105  0.027
  1978     3     0.137  0.089     0.092  0.047     0.111  0.031     0.115  0.029     0.106  0.027
  1978     4     0.129  0.060     0.085  0.048     0.116  0.031     0.116  0.029     0.109  0.027
  1978     5     0.140  0.092     0.083  0.050     0.124  0.031     0.117  0.029     0.111  0.027
  1978     6     0.039  0.073     0.086  0.047     0.129  0.031     0.117  0.029     0.113  0.027
  1978     7     0.116  0.093     0.089  0.047     0.139  0.031     0.118  0.029     0.115  0.027
  1978     8    -0.154  0.055     0.068  0.042     0.148  0.030     0.121  0.029     0.117  0.027
  1978     9     0.092  0.072     0.068  0.039     0.160  0.030     0.124  0.029     0.120  0.027
  1978    10     0.033  0.061     0.069  0.041     0.167  0.030     0.125  0.030     0.121  0.027
  1978    11     0.150  0.073     0.065  0.042     0.176  0.030     0.127  0.029     0.122  0.027
  1978    12     0.119  0.040     0.072  0.041     0.183  0.029     0.129  0.030     0.123  0.027
  1979     1     0.120  0.056     0.069  0.037     0.190  0.029     0.132  0.030     0.124  0.027
  1979     2    -0.109  0.028     0.096  0.039     0.198  0.029     0.136  0.030     0.126  0.026
  1979     3     0.139  0.074     0.109  0.036     0.202  0.029     0.139  0.030     0.127  0.026
  1979     4     0.144  0.056     0.130  0.035     0.209  0.029     0.141  0.030     0.128  0.026
  1979     5     0.092  0.063     0.140  0.031     0.214  0.029     0.145  0.030     0.128  0.026
  1979     6     0.126  0.045     0.173  0.031     0.219  0.029     0.145  0.030     0.128  0.026
  1979     7     0.073  0.039     0.192  0.031     0.217  0.030     0.147  0.030     0.130  0.026
  1979     8     0.172  0.075     0.236  0.031     0.216  0.030     0.147  0.030     0.131  0.026
  1979     9     0.247  0.046     0.252  0.031     0.212  0.031     0.149  0.030     0.132  0.026
  1979    10     0.290  0.082     0.271  0.030     0.209  0.031     0.151  0.031     0.133  0.026
  1979    11     0.270  0.043     0.294  0.031     0.207  0.032     0.152  0.031     0.133  0.026
  1979    12     0.508  0.045     0.306  0.032     0.204  0.032     0.153  0.031     0.134  0.026
  1980     1     0.348  0.036     0.328  0.032     0.203  0.032     0.155  0.031     0.135  0.027
  1980     2     0.426  0.043     0.337  0.031     0.200  0.032     0.154  0.032     0.136  0.027
  1980     3     0.325  0.068     0.335  0.034     0.200  0.032     0.155  0.031     0.139  0.026
  1980     4     0.379  0.049     0.326  0.033     0.201  0.032     0.155  0.031     0.142  0.026
  1980     5     0.371  0.051     0.326  0.034     0.200  0.033     0.155  0.031     0.144  0.026
  1980     6     0.264  0.067     0.301  0.033     0.205  0.033     0.157  0.031     0.146  0.026
  1980     7     0.337  0.051     0.314  0.035     0.211  0.033     0.157  0.030     0.148  0.026
  1980     8     0.284  0.075     0.311  0.038     0.215  0.033     0.160  0.030     0.150  0.026
  1980     9     0.215  0.086     0.318  0.037     0.219  0.032     0.161  0.030     0.151  0.026
  1980    10     0.183  0.059     0.311  0.037     0.221  0.033     0.164  0.030     0.153  0.026
  1980    11     0.268  0.046     0.300  0.037     0.225  0.033     0.166  0.030     0.155  0.026
  1980    12     0.206  0.029     0.309  0.037     0.229  0.033     0.168  0.030     0.157  0.026
  1981     1     0.510  0.053     0.310  0.039     0.230  0.033     0.171  0.030     0.159  0.026
  1981     2     0.387  0.056     0.319  0.038     0.238  0.033     0.175  0.030     0.162  0.026
  1981     3     0.410  0.073     0.320  0.038     0.243  0.033     0.180  0.030     0.165  0.026
  1981     4     0.295  0.052     0.320  0.038     0.246  0.033     0.183  0.031     0.167  0.026
  1981     5     0.242  0.052     0.317  0.038     0.248  0.032     0.187  0.031     0.170  0.026
  1981     6     0.372  0.056     0.338  0.040     0.250  0.032     0.189  0.030     0.172  0.026
  1981     7     0.349  0.081     0.303  0.042     0.252  0.033     0.191  0.030     0.175  0.026
  1981     8     0.389  0.075     0.282  0.043     0.255  0.033     0.193  0.030     0.178  0.026
  1981     9     0.224  0.064     0.242  0.043     0.256  0.033     0.194  0.030     0.180  0.026
  1981    10     0.191  0.035     0.222  0.046     0.256  0.033     0.197  0.030     0.181  0.026
  1981    11     0.224  0.044     0.215  0.046     0.260  0.033     0.199  0.030     0.183  0.026
  1981    12     0.469  0.068     0.196  0.042     0.259  0.033     0.199  0.030     0.185  0.026
  1982     1     0.083  0.078     0.181  0.037     0.259  0.033     0.200  0.030     0.188  0.026
  1982     2     0.135  0.072     0.154  0.033     0.259  0.033     0.201  0.030     0.191  0.026
  1982     3    -0.067  0.072     0.147  0.032     0.258  0.033     0.201  0.030     0.193  0.026
  1982     4     0.053  0.077     0.145  0.033     0.256  0.033     0.201  0.030     0.194  0.026
  1982     5     0.159  0.067     0.134  0.035     0.251  0.034     0.201  0.031     0.196  0.026
  1982     6     0.136  0.073     0.128  0.037     0.242  0.034     0.202  0.030     0.196  0.026
  1982     7     0.177  0.065     0.158  0.034     0.241  0.034     0.204  0.030     0.197  0.026
  1982     8     0.066  0.053     0.180  0.033     0.233  0.035     0.204  0.030     0.197  0.026
  1982     9     0.140  0.054     0.213  0.034     0.230  0.035     0.207  0.030     0.197  0.025
  1982    10     0.166  0.067     0.232  0.034     0.225  0.035     0.208  0.031     0.197  0.026
  1982    11     0.093  0.078     0.249  0.034     0.222  0.035     0.209  0.031     0.197  0.026
  1982    12     0.393  0.056     0.261  0.038     0.220  0.035     0.212  0.030     0.197  0.026
  1983     1     0.439  0.050     0.264  0.041     0.215  0.034     0.215  0.030     0.198  0.026
  1983     2     0.401  0.067     0.286  0.046     0.214  0.033     0.217  0.030     0.198  0.026
  1983     3     0.333  0.070     0.306  0.046     0.212  0.032     0.219  0.030     0.199  0.026
  1983     4     0.279  0.052     0.308  0.045     0.211  0.032     0.222  0.030     0.199  0.026
  1983     5     0.367  0.062     0.325  0.042     0.208  0.032     0.224  0.030     0.200  0.026
  1983     6     0.282  0.086     0.309  0.041     0.208  0.033     0.228  0.030     0.200  0.026
  1983     7     0.208  0.085     0.292  0.044     0.202  0.033     0.229  0.029     0.201  0.026
  1983     8     0.330  0.085     0.267  0.049     0.202  0.033     0.234  0.030     0.201  0.026
  1983     9     0.387  0.084     0.258  0.050     0.199  0.033     0.236  0.030     0.202  0.026
  1983    10     0.188  0.071     0.244  0.048     0.198  0.033     0.239  0.030     0.203  0.026
  1983    11     0.296  0.067     0.242  0.047     0.198  0.033     0.239  0.030     0.203  0.026
  1983    12     0.200  0.056     0.224  0.046     0.195  0.033     0.240  0.030     0.204  0.026
  1984     1     0.228  0.059     0.214  0.044     0.192  0.033     0.239  0.030     0.206  0.026
  1984     2     0.102  0.073     0.199  0.045     0.188  0.032     0.243  0.030     0.208  0.025
  1984     3     0.225  0.084     0.184  0.043     0.186  0.032     0.244  0.030     0.210  0.025
  1984     4     0.117  0.047     0.181  0.042     0.186  0.033     0.245  0.029     0.212  0.025
  1984     5     0.336  0.046     0.156  0.043     0.184  0.033     0.245  0.029     0.213  0.025
  1984     6     0.066  0.048     0.135  0.045     0.179  0.033     0.245  0.029     0.215  0.025
  1984     7     0.092  0.064     0.137  0.045     0.183  0.032     0.248  0.030     0.217  0.025
  1984     8     0.154  0.091     0.126  0.045     0.187  0.032     0.249  0.029     0.217  0.025
  1984     9     0.207  0.082     0.117  0.044     0.191  0.032     0.249  0.029     0.219  0.025
  1984    10     0.143  0.034     0.118  0.046     0.194  0.031     0.250  0.029     0.221  0.025
  1984    11    -0.002  0.075     0.104  0.049     0.195  0.031     0.249  0.029     0.224  0.025
  1984    12    -0.044  0.060     0.113  0.049     0.199  0.032     0.248  0.029     0.226  0.025
  1985     1     0.243  0.064     0.108  0.047     0.205  0.032     0.248  0.029     0.228  0.025
  1985     2    -0.026  0.080     0.110  0.042     0.209  0.032     0.248  0.029     0.230  0.025
  1985     3     0.123  0.076     0.102  0.040     0.213  0.033     0.251  0.029     0.232  0.025
  1985     4     0.125  0.041     0.103  0.039     0.215  0.033     0.253  0.029     0.234  0.025
  1985     5     0.161  0.073     0.108  0.039     0.217  0.032     0.254  0.029     0.235  0.025
  1985     6     0.178  0.091     0.127  0.039     0.219  0.032     0.255  0.028     0.237  0.024
  1985     7     0.034  0.038     0.123  0.037     0.220  0.031     0.256  0.028     0.239  0.024
  1985     8     0.179  0.064     0.158  0.034     0.219  0.031     0.257  0.028     0.242  0.024
  1985     9     0.110  0.061     0.165  0.033     0.220  0.031     0.258  0.027     0.244  0.024
  1985    10     0.157  0.092     0.176  0.033     0.223  0.030     0.260  0.027     0.247  0.024
  1985    11     0.056  0.058     0.183  0.031     0.224  0.030     0.261  0.027     0.250  0.024
  1985    12     0.182  0.057     0.181  0.031     0.226  0.029     0.263  0.027     0.252  0.024
  1986     1     0.203  0.056     0.191  0.034     0.228  0.029     0.262  0.028     0.253  0.024
  1986     2     0.386  0.054     0.191  0.038     0.230  0.029     0.263  0.028     0.256  0.024
  1986     3     0.212  0.067     0.192  0.039     0.230  0.030     0.262  0.028     0.259  0.024
  1986     4     0.249  0.059     0.194  0.039     0.232  0.031     0.264  0.028     0.261  0.024
  1986     5     0.245  0.067     0.198  0.041     0.229  0.031     0.266  0.027     0.263  0.024
  1986     6     0.165  0.065     0.197  0.041     0.230  0.031     0.267  0.028     0.265  0.024
  1986     7     0.150  0.063     0.206  0.040     0.227  0.031     0.269  0.028     0.267  0.023
  1986     8     0.183  0.066     0.204  0.036     0.231  0.031     0.270  0.028     0.269  0.023
  1986     9     0.120  0.072     0.200  0.037     0.231  0.031     0.271  0.027     0.270  0.023
  1986    10     0.173  0.063     0.198  0.035     0.234  0.031     0.273  0.027     0.272  0.023
  1986    11     0.111  0.076     0.199  0.035     0.230  0.031     0.274  0.027     0.274  0.023
  1986    12     0.167  0.063     0.218  0.037     0.232  0.032     0.273  0.027     0.276  0.023
  1987     1     0.305  0.052     0.246  0.035     0.236  0.032     0.276  0.027     0.276  0.023
  1987     2     0.368  0.037     0.257  0.035     0.238  0.031     0.279  0.026     0.277  0.023
  1987     3     0.164  0.081     0.279  0.032     0.240  0.031     0.283  0.026     0.278  0.023
  1987     4     0.223  0.043     0.290  0.032     0.244  0.031     0.285  0.026     0.279  0.023
  1987     5     0.261  0.065     0.299  0.031     0.246  0.031     0.286  0.026     0.279  0.023
  1987     6     0.386  0.064     0.325  0.026     0.254  0.030     0.287  0.027     0.280  0.023
  1987     7     0.490  0.059     0.340  0.024     0.256  0.029     0.287  0.027     0.281  0.023
  1987     8     0.319  0.074     0.341  0.028     0.263  0.029     0.287  0.027     0.282  0.023
  1987     9     0.377  0.058     0.361  0.027     0.272  0.028     0.286  0.026     0.284  0.023
  1987    10     0.307  0.049     0.379  0.027     0.280  0.028     0.286  0.027     0.286  0.023
  1987    11     0.225  0.074     0.391  0.028     0.286  0.027     0.285  0.026     0.288  0.023
  1987    12     0.478  0.034     0.396  0.030     0.290  0.026     0.284  0.026     0.291  0.023
  1988     1     0.487  0.054     0.383  0.033     0.297  0.026     0.283  0.026     0.293  0.023
  1988     2     0.371  0.054     0.391  0.034     0.300  0.026     0.283  0.026     0.296  0.022
  1988     3     0.412  0.078     0.390  0.036     0.303  0.026     0.283  0.026     0.298  0.022
  1988     4     0.438  0.060     0.394  0.037     0.309  0.026     0.283  0.026     0.300  0.022
  1988     5     0.404  0.067     0.385  0.037     0.315  0.026     0.282  0.026     0.303  0.022
  1988     6     0.438  0.064     0.368  0.036     0.319  0.025     0.283  0.026     0.306  0.022
  1988     7     0.335  0.065     0.330  0.035     0.322  0.025     0.283  0.026     0.308  0.022
  1988     8     0.414  0.059     0.324  0.034     0.324  0.025     0.282  0.025     0.312  0.022
  1988     9     0.375  0.101     0.311  0.034     0.326  0.024     0.280  0.025     0.314  0.021
  1988    10     0.350  0.062     0.297  0.036     0.330  0.024     0.281  0.025     0.316  0.021
  1988    11     0.113  0.072     0.273  0.035     0.333  0.024     0.279  0.025     0.317  0.021
  1988    12     0.278  0.042     0.252  0.037     0.340  0.025     0.280  0.025     0.319  0.021
  1989     1     0.028  0.054     0.251  0.040     0.346  0.025     0.280  0.025     0.320  0.021
  1989     2     0.305  0.049     0.242  0.039     0.351  0.025     0.279  0.024     0.323  0.021
  1989     3     0.254  0.084     0.239  0.037     0.356  0.024     0.280  0.024     0.324  0.021
  1989     4     0.275  0.039     0.238  0.035     0.360  0.024     0.282  0.024     0.325  0.021
  1989     5     0.112  0.048     0.242  0.034     0.364  0.023     0.282  0.024     0.326  0.021
  1989     6     0.180  0.078     0.253  0.033     0.367  0.023     0.285  0.024     0.327  0.021
  1989     7     0.327  0.067     0.282  0.032     0.370  0.023     0.287  0.023     0.329  0.021
  1989     8     0.306  0.073     0.287  0.030     0.370  0.023     0.287  0.023     0.329  0.020
  1989     9     0.336  0.058     0.324  0.030     0.375  0.023     0.289  0.022     0.330  0.020
  1989    10     0.336  0.034     0.350  0.029     0.376  0.024     0.291  0.022     0.331  0.020
  1989    11     0.168  0.070     0.383  0.026     0.376  0.024     0.295  0.022     0.331  0.020
  1989    12     0.404  0.052     0.402  0.022     0.375  0.024     0.298  0.022     0.331  0.020
  1990     1     0.378  0.059     0.414  0.019     0.369  0.025     0.301  0.022     0.330  0.020
  1990     2     0.365  0.034     0.419  0.021     0.366  0.025     0.307  0.021     0.331  0.020
  1990     3     0.696  0.074     0.417  0.022     0.360  0.024     0.310  0.021     0.332  0.020
  1990     4     0.588  0.040     0.429  0.022     0.356  0.025     0.313  0.021     0.332  0.020
  1990     5     0.509  0.034     0.449  0.024     0.353  0.024     0.314  0.021     0.332  0.020
  1990     6     0.408  0.046     0.450  0.023     0.348  0.024     0.317  0.021     0.333  0.019
  1990     7     0.475  0.044     0.452  0.021     0.346  0.024     0.322  0.021     0.333  0.020
  1990     8     0.371  0.091     0.463  0.021     0.347  0.024     0.325  0.021     0.334  0.019
  1990     9     0.310  0.063     0.433  0.021     0.345  0.025     0.327  0.021     0.335  0.019
  1990    10     0.475  0.055     0.428  0.024     0.343  0.025     0.330  0.021     0.335  0.020
  1990    11     0.410  0.058     0.421  0.025     0.341  0.025     0.334  0.021     0.336  0.020
  1990    12     0.417  0.041     0.433  0.030     0.339  0.025     0.335  0.021     0.336  0.020
  1991     1     0.406  0.045     0.438  0.034     0.338  0.026     0.336  0.021     0.336  0.020
  1991     2     0.490  0.057     0.447  0.035     0.335  0.026     0.337  0.020     0.336  0.020
  1991     3     0.335  0.040     0.457  0.034     0.331  0.025     0.338  0.020     0.337  0.020
  1991     4     0.529  0.070     0.449  0.033     0.330  0.025     0.339  0.020     0.338  0.020
  1991     5     0.424  0.042     0.442  0.032     0.330  0.024     0.340  0.020     0.339  0.019
  1991     6     0.559  0.081     0.438  0.034     0.329  0.023     0.341  0.020     0.340  0.019
  1991     7     0.534  0.052     0.444  0.035     0.332  0.023     0.343  0.019     0.341  0.019
  1991     8     0.477  0.057     0.438  0.035     0.328  0.022     0.345  0.019     0.341  0.019
  1991     9     0.432  0.050     0.445  0.035     0.329  0.022     0.347  0.019     0.343  0.019
  1991    10     0.380  0.051     0.424  0.034     0.331  0.022     0.347  0.019     0.344  0.019
  1991    11     0.326  0.045     0.413  0.037     0.334  0.022     0.349  0.019     0.346  0.019
  1991    12     0.360  0.064     0.392  0.036     0.338  0.021     0.352  0.019     0.347  0.019
  1992     1     0.477  0.072     0.361  0.035     0.338  0.021     0.352  0.019     0.350  0.019
  1992     2     0.418  0.057     0.332  0.036     0.337  0.022     0.352  0.019     0.352  0.019
  1992     3     0.419  0.064     0.295  0.039     0.337  0.022     0.355  0.019     0.356  0.019
  1992     4     0.279  0.067     0.270  0.039     0.339  0.022     0.356  0.019     0.358  0.018
  1992     5     0.298  0.071     0.245  0.038     0.344  0.022     0.357  0.019     0.360  0.018
  1992     6     0.307  0.076     0.233  0.034     0.343  0.022     0.359  0.019     0.362  0.018
  1992     7     0.157  0.065     0.224  0.031     0.345  0.023     0.359  0.020     0.364  0.019
  1992     8     0.127  0.054     0.222  0.033     0.351  0.023     0.360  0.019     0.366  0.019
  1992     9    -0.003  0.045     0.214  0.034     0.347  0.023     0.361  0.019     0.368  0.019
  1992    10     0.080  0.042     0.216  0.031     0.346  0.024     0.364  0.020     0.370  0.019
  1992    11     0.019  0.041     0.216  0.028     0.343  0.024     0.368  0.020     0.372  0.019
  1992    12     0.221  0.051     0.216  0.031     0.345  0.024     0.370  0.020     0.373  0.019
  1993     1     0.365  0.038     0.226  0.038     0.347  0.024     0.370  0.020     0.374  0.019
  1993     2     0.399  0.074     0.233  0.039     0.349  0.024     0.374  0.020     0.375  0.019
  1993     3     0.324  0.076     0.247  0.038     0.350  0.024     0.376  0.020     0.376  0.019
  1993     4     0.297  0.071     0.263  0.037     0.351  0.023     0.379  0.020     0.377  0.019
  1993     5     0.295  0.048     0.270  0.032     0.353  0.022     0.381  0.020     0.378  0.019
  1993     6     0.316  0.077     0.269  0.028     0.351  0.022     0.384  0.020     0.379  0.019
  1993     7     0.274  0.092     0.259  0.025     0.349  0.022     0.388  0.020     0.380  0.019
  1993     8     0.206  0.067     0.231  0.022     0.350  0.022     0.390  0.020     0.382  0.019
  1993     9     0.166  0.041     0.229  0.020     0.351  0.022     0.391  0.020     0.383  0.019
  1993    10     0.271  0.041     0.236  0.019     0.348  0.021     0.392  0.020     0.385  0.019
  1993    11     0.104  0.055     0.238  0.020     0.346  0.021     0.395  0.020     0.386  0.019
  1993    12     0.214  0.049     0.248  0.019     0.341  0.021     0.398  0.020     0.389  0.019
  1994     1     0.240  0.047     0.251  0.020     0.339  0.020     0.401  0.020     0.390  0.019
  1994     2     0.060  0.046     0.252  0.020     0.339  0.020     0.404  0.020     0.393  0.019
  1994     3     0.307  0.060     0.269  0.021     0.337  0.021     0.405  0.020     0.394  0.019
  1994     4     0.376  0.063     0.285  0.022     0.334  0.021     0.405  0.020     0.397  0.019
  1994     5     0.319  0.053     0.312  0.022     0.335  0.021     0.407  0.020     0.397  0.019
  1994     6     0.438  0.051     0.325  0.025     0.337  0.020     0.409  0.020     0.398  0.019
  1994     7     0.307  0.046     0.346  0.028     0.334  0.020     0.410  0.020     0.399  0.019
  1994     8     0.224  0.058     0.402  0.027     0.333  0.020     0.410  0.020     0.401  0.019
  1994     9     0.370  0.037     0.415  0.027     0.335  0.020     0.411  0.020     0.402  0.019
  1994    10     0.463  0.036     0.426  0.027     0.337  0.019     0.412  0.020     0.404  0.019
  1994    11     0.423  0.061     0.428  0.028     0.339  0.019     0.413  0.020     0.407  0.019
  1994    12     0.369  0.051     0.436  0.030     0.343  0.019     0.413  0.020     0.410  0.019
  1995     1     0.498  0.069     0.457  0.030     0.348  0.018     0.413  0.020     0.412  0.019
  1995     2     0.737  0.059     0.482  0.032     0.353  0.018     0.414  0.020     0.415  0.019
  1995     3     0.453  0.082     0.483  0.031     0.362  0.018     0.412  0.020     0.417  0.019
  1995     4     0.513  0.069     0.489  0.028     0.373  0.018     0.412  0.020     0.420  0.019
  1995     5     0.341  0.070     0.494  0.027     0.384  0.019     0.411  0.020     0.422  0.019
  1995     6     0.539  0.069     0.490  0.028     0.391  0.019     0.411  0.020     0.424  0.020
  1995     7     0.551  0.050     0.473  0.027     0.395  0.020     0.410  0.020     0.426  0.020
  1995     8     0.527  0.042     0.456  0.024     0.402  0.020     0.411  0.020     0.428  0.020
  1995     9     0.385  0.038     0.451  0.023     0.407  0.020     0.412  0.020     0.431  0.020
  1995    10     0.537  0.050     0.439  0.020     0.414  0.019     0.411  0.021     0.434  0.020
  1995    11     0.478  0.052     0.434  0.017     0.422  0.019     0.410  0.021     0.437  0.020
  1995    12     0.322  0.050     0.413  0.016     0.429  0.019     0.409  0.021     0.439  0.020
  1996     1     0.289  0.028     0.400  0.020     0.437  0.019     0.409  0.021     0.441  0.020
  1996     2     0.541  0.018     0.399  0.018     0.446  0.019     0.409  0.021     0.442  0.020
  1996     3     0.385  0.067     0.389  0.020     0.451  0.019     0.411  0.022     0.444  0.020
  1996     4     0.374  0.041     0.362  0.019     0.455  0.019     0.411  0.021     0.445  0.020
  1996     5     0.283  0.034     0.357  0.020     0.460  0.019     0.412  0.021     0.446  0.020
  1996     6     0.283  0.042     0.366  0.021     0.467  0.020     0.412  0.021     0.449  0.020
  1996     7     0.394  0.067     0.368  0.023     0.470  0.021     0.412  0.021     0.450  0.020
  1996     8     0.515  0.066     0.354  0.026     0.480  0.021     0.413  0.021     0.453  0.020
  1996     9     0.265  0.054     0.365  0.026     0.480  0.022     0.414  0.021     0.455  0.020
  1996    10     0.219  0.042     0.369  0.028     0.480  0.021     0.415  0.021     0.457  0.020
  1996    11     0.415  0.035     0.377  0.026     0.480  0.022     0.419  0.022     0.460  0.020
  1996    12     0.434  0.034     0.403  0.025     0.480  0.022     0.421  0.021     0.462  0.020
  1997     1     0.308  0.057     0.405  0.023     0.481  0.023     0.423  0.021     0.465  0.020
  1997     2     0.373  0.055     0.401  0.021     0.484  0.022     0.425  0.021     0.466  0.020
  1997     3     0.514  0.045     0.424  0.021     0.485  0.023     0.429  0.021     0.468  0.021
  1997     4     0.421  0.058     0.463  0.025     0.484  0.022     0.431  0.021     0.471  0.021
  1997     5     0.384  0.056     0.486  0.028     0.483  0.022     0.434  0.021     0.473  0.021
  1997     6     0.593  0.061     0.504  0.030     0.484  0.022     0.437  0.021     0.474  0.021
  1997     7     0.422  0.055     0.527  0.032     0.480  0.022     0.441  0.021     0.474  0.021
  1997     8     0.459  0.069     0.566  0.034     0.477  0.022     0.445  0.022     0.475  0.021
  1997     9     0.545  0.049     0.575  0.036     0.478  0.022     0.450  0.022     0.476  0.021
  1997    10     0.687  0.058     0.602  0.038     0.479  0.021     0.454  0.022     0.477  0.021
  1997    11     0.695  0.056     0.631  0.037     0.479  0.021     0.459  0.023     0.479  0.021
  1997    12     0.639  0.064     0.646  0.037     0.476  0.021     0.462  0.023     0.479  0.021
  1998     1     0.591  0.071     0.673  0.040     0.474  0.021     0.465  0.023     0.478  0.021
  1998     2     0.840  0.060     0.698  0.039     0.473  0.021     0.466  0.023     0.478  0.021
  1998     3     0.628  0.074     0.692  0.036     0.474  0.022     0.468  0.023     0.479  0.021
  1998     4     0.739  0.048     0.673  0.035     0.470  0.023     0.470  0.023     0.479  0.021
  1998     5     0.736  0.052     0.652  0.036     0.467  0.024     0.473  0.023     0.479  0.021
  1998     6     0.771  0.072     0.648  0.035     0.467  0.025     0.475  0.023     0.480  0.021
  1998     7     0.749  0.074     0.636  0.031     0.470  0.025     0.477  0.023     0.481  0.021
  1998     8     0.759  0.033     0.621  0.030     0.468  0.025     0.481  0.023     0.481  0.022
  1998     9     0.472  0.050     0.596  0.031     0.471  0.025     0.485  0.023     0.482  0.022
  1998    10     0.458  0.045     0.564  0.032     0.474  0.026     0.490  0.023     0.484  0.022
  1998    11     0.443  0.064     0.528  0.034     0.478  0.026     0.493  0.023     0.486  0.022
  1998    12     0.593  0.039     0.500  0.034     0.483  0.025     0.498  0.024     0.487  0.022
  1999     1     0.448  0.036     0.471  0.033     0.486  0.025     0.501  0.024     0.490  0.022
  1999     2     0.654  0.054     0.438  0.033     0.487  0.025     0.506  0.024     0.491  0.022
  1999     3     0.324  0.067     0.435  0.038     0.491  0.026     0.509  0.025     0.492  0.022
  1999     4     0.361  0.050     0.431  0.036     0.497  0.026     0.511  0.025     0.493  0.022
  1999     5     0.300  0.082     0.424  0.036     0.502  0.027     0.511  0.025     0.495  0.022
  1999     6     0.434  0.074     0.412  0.035     0.505  0.027     0.512  0.025     0.497  0.022
  1999     7     0.402  0.048     0.397  0.033     0.512  0.027     0.512  0.026     0.499  0.022
  1999     8     0.372  0.042     0.387  0.031     0.517  0.027     0.514  0.026     0.501  0.022
  1999     9     0.429  0.061     0.401  0.029     0.523  0.028     0.516  0.026     0.502  0.022
  1999    10     0.412  0.050     0.419  0.028     0.526  0.028     0.517  0.026     0.504  0.022
  1999    11     0.363  0.053     0.423  0.024     0.530  0.028     0.520  0.027     0.506  0.022
  1999    12     0.442  0.035     0.421  0.021     0.530  0.028     0.521  0.027     0.508  0.022
  2000     1     0.271  0.041     0.419  0.023     0.534  0.028     0.523  0.027     0.509  0.022
  2000     2     0.533  0.050     0.427  0.024     0.536  0.029     0.522  0.027     0.511  0.022
  2000     3     0.500  0.050     0.428  0.026     0.537  0.029     0.525  0.027     0.512  0.022
  2000     4     0.577  0.085     0.419  0.032     0.536  0.030     0.526  0.027     0.513  0.022
  2000     5     0.341  0.048     0.416  0.035     0.534  0.030     0.529  0.027     0.515  0.022
  2000     6     0.410  0.024     0.405  0.037     0.533  0.030     0.530  0.027     0.516  0.022
  2000     7     0.383  0.052     0.421  0.037     0.536  0.029     0.531  0.027     0.516  0.022
  2000     8     0.460  0.064     0.412  0.035     0.531  0.029     0.532  0.027     0.518  0.022
  2000     9     0.448  0.067     0.416  0.036     0.529  0.029     0.535  0.028     0.519  0.022
  2000    10     0.300  0.068     0.414  0.036     0.526  0.030     0.537  0.028     0.520  0.022
  2000    11     0.332  0.071     0.432  0.038     0.524  0.030     0.540  0.028     0.522  0.022
  2000    12     0.310  0.052     0.443  0.038     0.520  0.029     0.543  0.028     0.522  0.022
  2001     1     0.454  0.054     0.462  0.036     0.517  0.029     0.546  0.029     0.523  0.023
  2001     2     0.427  0.032     0.469  0.034     0.515  0.029     0.548  0.029     0.523  0.023
  2001     3     0.555  0.057     0.478  0.033     0.519  0.030     0.550  0.029     0.524  0.023
  2001     4     0.545  0.043     0.498  0.030     0.524  0.030     0.551  0.029     0.525  0.023
  2001     5     0.557  0.035     0.530  0.028     0.527  0.030     0.553  0.030     0.525  0.023
  2001     6     0.551  0.073     0.557  0.027     0.530  0.030     0.557  0.030     0.526  0.023
  2001     7     0.603  0.066     0.578  0.027     0.532  0.030     0.558  0.030     0.527  0.023
  2001     8     0.552  0.051     0.599  0.028     0.533  0.030     0.560  0.030     0.528  0.024
  2001     9     0.545  0.049     0.624  0.029     0.537  0.030     0.563  0.030     0.529  0.024
  2001    10     0.543  0.054     0.629  0.030     0.542  0.030     0.567  0.031     0.530  0.024
  2001    11     0.714  0.068     0.637  0.031     0.543  0.030     0.570  0.031     0.531  0.024
  2001    12     0.637  0.030     0.642  0.031     0.544  0.029     0.573  0.031     0.532  0.024
  2002     1     0.709  0.037     0.644  0.035     0.542  0.030     0.578  0.031     0.532  0.024
  2002     2     0.676  0.052     0.646  0.038     0.544  0.031     0.581  0.032     0.532  0.024
  2002     3     0.855  0.068     0.654  0.041     0.547  0.031     0.582  0.032     0.532  0.024
  2002     4     0.608  0.039     0.660  0.044     0.551  0.032     0.585  0.032     0.534  0.024
  2002     5     0.655  0.054     0.650  0.042     0.556  0.032     0.588  0.032     0.536  0.024
  2002     6     0.606  0.081     0.643  0.041     0.558  0.033     0.588  0.032     0.538  0.024
  2002     7     0.634  0.064     0.646  0.043     0.566  0.033     0.590  0.032     0.539  0.024
  2002     8     0.574  0.086     0.636  0.046     0.567  0.033     0.591  0.032     0.542  0.024
  2002     9     0.635  0.078     0.610  0.049     0.572  0.034     0.591  0.032     0.545  0.024
  2002    10     0.615  0.070     0.606  0.050     0.574  0.034     0.590  0.031     0.548  0.024
  2002    11     0.594  0.066     0.602  0.051     0.579  0.035     0.589  0.031     0.551  0.024
  2002    12     0.551  0.061     0.593  0.051     0.584  0.036     0.588  0.031     0.553  0.024
  2003     1     0.752  0.067     0.587  0.048     0.589  0.036     0.585  0.031     0.554  0.024
  2003     2     0.555  0.062     0.596  0.047     0.592  0.036     0.581  0.031     0.555  0.024
  2003     3     0.541  0.076     0.601  0.046     0.596  0.036     0.581  0.031     0.556  0.024
  2003     4     0.557  0.054     0.615  0.040     0.605  0.035     0.579  0.031     0.557  0.024
  2003     5     0.607  0.061     0.613  0.038     0.612  0.034     0.577  0.031     0.559  0.024
  2003     6     0.502  0.054     0.632  0.037     0.619  0.034     0.575  0.031     0.560  0.024
  2003     7     0.561  0.052     0.619  0.036     0.622  0.034     0.574  0.031     0.562  0.024
  2003     8     0.679  0.072     0.632  0.036     0.628  0.034     0.572  0.031     0.564  0.024
  2003     9     0.701  0.051     0.636  0.035     0.629  0.035     0.573  0.031     0.566  0.025
  2003    10     0.780  0.043     0.642  0.035     0.629  0.036     0.575  0.031     0.568  0.025
  2003    11     0.567  0.055     0.622  0.035     0.628  0.037     0.577  0.031     0.571  0.025
  2003    12     0.777  0.047     0.618  0.035     0.631  0.038     0.576  0.032     0.573  0.025
  2004     1     0.605  0.041     0.598  0.040     0.630  0.038     0.578  0.032     0.575  0.025
  2004     2     0.702  0.047     0.582  0.042     0.633  0.039     0.577  0.032     0.577  0.025
  2004     3     0.590  0.066     0.573  0.044     0.634  0.039     0.579  0.032     0.579  0.026
  2004     4     0.631  0.071     0.563  0.046     0.637  0.039     0.580  0.032     0.581  0.026
  2004     5     0.372  0.078     0.574  0.045     0.637  0.039     0.583  0.032     0.583  0.025
  2004     6     0.457  0.062     0.553  0.048     0.640  0.039     0.585  0.032     0.584  0.025
  2004     7     0.320  0.084     0.564  0.049     0.644  0.039     0.588  0.031     0.585  0.026
  2004     8     0.484  0.089     0.559  0.050     0.645  0.040     0.591  0.031     0.588  0.026
  2004     9     0.595  0.077     0.572  0.050     0.642  0.040     0.594  0.031     0.590  0.026
  2004    10     0.651  0.045     0.578  0.052     0.645  0.041     0.596  0.032     0.591  0.026
  2004    11     0.702  0.043     0.602  0.051     0.645  0.041     0.600  0.032     0.592  0.026
  2004    12     0.522  0.063     0.623  0.052     0.646  0.040     0.602  0.032     0.594  0.026
  2005     1     0.745  0.060     0.651  0.051     0.646  0.040     0.606  0.032     0.595  0.026
  2005     2     0.641  0.079     0.667  0.051     0.646  0.040     0.609  0.032     0.596  0.026
  2005     3     0.742  0.083     0.677  0.049     0.644  0.039     0.612  0.032     0.597  0.026
  2005     4     0.707  0.074     0.691  0.049     0.645  0.038     0.615  0.032     0.599  0.026
  2005     5     0.653  0.062     0.695  0.049     0.644  0.038     0.618  0.032     0.601  0.026
  2005     6     0.708  0.073     0.713  0.048     0.643  0.038     0.621  0.032     0.602  0.026
  2005     7     0.662  0.089     0.702  0.046     0.635  0.038     0.623  0.033     0.603  0.026
  2005     8     0.670  0.077     0.713  0.042     0.631  0.038     0.625  0.032     0.604  0.026
  2005     9     0.716  0.065     0.705  0.043     0.633  0.038     0.627  0.033     0.607  0.026
  2005    10     0.823  0.053     0.691  0.042     0.632  0.038     0.630  0.032     0.609  0.026
  2005    11     0.746  0.026     0.680  0.045     0.631  0.038     0.634  0.032     0.611  0.026
  2005    12     0.747  0.050     0.678  0.046     0.630  0.038     0.636  0.032     0.614  0.026
  2006     1     0.605  0.050     0.670  0.044     0.631  0.039     0.637  0.033     0.618  0.026
  2006     2     0.776  0.047     0.673  0.044     0.629  0.038     0.638  0.033     0.621  0.027
  2006     3     0.647  0.086     0.667  0.045     0.627  0.038     0.638  0.033     0.625  0.027
  2006     4     0.543  0.073     0.659  0.045     0.625  0.039     0.639  0.033     0.628  0.027
  2006     5     0.512  0.089     0.656  0.048     0.627  0.039     0.639  0.033     0.631  0.027
  2006     6     0.691  0.099     0.662  0.049     0.623  0.039     0.640  0.033     0.633  0.027
  2006     7     0.559  0.061     0.691  0.049     0.624  0.039     0.641  0.034     0.635  0.027
  2006     8     0.710  0.068     0.686  0.052     0.622  0.039     0.643  0.034     0.638  0.026
  2006     9     0.647  0.083     0.687  0.051     0.620  0.039     0.643  0.034     0.640  0.027
  2006    10     0.723  0.073     0.709  0.050     0.619  0.039     0.644  0.034     0.643  0.027
  2006    11     0.706  0.058     0.722  0.048     0.623  0.039     0.643  0.034     0.646  0.027
  2006    12     0.826  0.056     0.716  0.046     0.627  0.039     0.643  0.034     0.648  0.027
  2007     1     0.947  0.043     0.723  0.046     0.635  0.039     0.640  0.034     0.651  0.028
  2007     2     0.727  0.073     0.712  0.045     0.638  0.039     0.639  0.034     0.654  0.028
  2007     3     0.659  0.073     0.702  0.041     0.640  0.038     0.636  0.034     0.657  0.028
  2007     4     0.808  0.064     0.696  0.038     0.642  0.037     0.636  0.033     0.659  0.028
  2007     5     0.660  0.047     0.685  0.037     0.643  0.037     0.637  0.034     0.661  0.028
  2007     6     0.618  0.065     0.658  0.037     0.646  0.037     0.638  0.033     0.662  0.028
  2007     7     0.648  0.048     0.600  0.037     0.647  0.037     0.638  0.033     0.664  0.028
  2007     8     0.573  0.060     0.566  0.037     0.650  0.037     0.639  0.033     0.666  0.028
  2007     9     0.533  0.035     0.563  0.037     0.652  0.037     0.640  0.033     0.667  0.028
  2007    10     0.644  0.063     0.540  0.037     0.656  0.036     0.642  0.033     0.668  0.028
  2007    11     0.577  0.057     0.528  0.038     0.658  0.036     0.644  0.033     0.668  0.028
  2007    12     0.503  0.031     0.516  0.040     0.657  0.036     0.644  0.033     0.669  0.029
  2008     1     0.257  0.039     0.512  0.041     0.657  0.036     0.643  0.033     0.670  0.029
  2008     2     0.311  0.054     0.509  0.039     0.658  0.035     0.644  0.033     0.671  0.029
  2008     3     0.630  0.050     0.515  0.038     0.657  0.035     0.644  0.033     0.671  0.029
  2008     4     0.528  0.068     0.519  0.039     0.656  0.035     0.644  0.032     0.672  0.029
  2008     5     0.514  0.059     0.525  0.040     0.656  0.035     0.644  0.032     0.673  0.029
  2008     6     0.479  0.073     0.531  0.041     0.652  0.036     0.646  0.032     0.673  0.029
  2008     7     0.590  0.059     0.564  0.040     0.652  0.036     0.647  0.033     0.673  0.029
  2008     8     0.545  0.058     0.584  0.040     0.648  0.036     0.647  0.033     0.674  0.029
  2008     9     0.600  0.068     0.571  0.040     0.647  0.036     0.648  0.033     0.675  0.029
  2008    10     0.687  0.051     0.576  0.038     0.649  0.035     0.647  0.033     0.677  0.029
  2008    11     0.658  0.046     0.584  0.038     0.650  0.035     0.649  0.034     0.679  0.029
  2008    12     0.568  0.043     0.602  0.036     0.649  0.034     0.648  0.034     0.680  0.029
  2009     1     0.659  0.037     0.618  0.035     0.652  0.034     0.649  0.034     0.682  0.029
  2009     2     0.546  0.047     0.632  0.036     0.653  0.033     0.648  0.034     0.683  0.030
  2009     3     0.474  0.069     0.640  0.036     0.652  0.033     0.649  0.034     0.687  0.030
  2009     4     0.589  0.068     0.644  0.034     0.651  0.033     0.651  0.034     0.689  0.029
  2009     5     0.606  0.044     0.653  0.034     0.649  0.033     0.654  0.034     0.692  0.029
  2009     6     0.697  0.051     0.667  0.032     0.645  0.033     0.656  0.034     0.694  0.029
  2009     7     0.781  0.087     0.677  0.032     0.637  0.033     0.659  0.034     0.696  0.029
  2009     8     0.712  0.060     0.703  0.031     0.632  0.032     0.662  0.034     0.699  0.029
  2009     9     0.704  0.042     0.735  0.032     0.629  0.032     0.664  0.034     0.701  0.029
  2009    10     0.729  0.046     0.761  0.032     0.627  0.032     0.665  0.034     0.704  0.030
  2009    11     0.763  0.045     0.775  0.033     0.629  0.031     0.665  0.034     0.706  0.030
  2009    12     0.741  0.030     0.775  0.033     0.631  0.031     0.667  0.034     0.709  0.030
  2010     1     0.786  0.051     0.764  0.034     0.630  0.031     0.668  0.035     0.713  0.030
  2010     2     0.851  0.052     0.762  0.032     0.632  0.031     0.670  0.034     0.715  0.030
  2010     3     0.858  0.074     0.759  0.034     0.636  0.031     0.670  0.034     0.718  0.030
  2010     4     0.907  0.054     0.761  0.036     0.639  0.031     0.671  0.034     0.720  0.030
  2010     5     0.771  0.069     0.761  0.037     0.643  0.031     0.672  0.034     0.723  0.030
  2010     6     0.691  0.075     0.745  0.039     0.644  0.031     0.673  0.034     0.725  0.030
  2010     7     0.652  0.059     0.726  0.039     0.651  0.030     0.675  0.034     0.728  0.030
  2010     8     0.693  0.060     0.699  0.040     0.656  0.030     0.677  0.033     0.730  0.030
  2010     9     0.662  0.070     0.680  0.039     0.655  0.030     0.678  0.033     0.732  0.030
  2010    10     0.757  0.057     0.659  0.040     0.656  0.029     0.680  0.033     0.735  0.030
  2010    11     0.763  0.062     0.639  0.040     0.658  0.029     0.682  0.033     0.738  0.030
  2010    12     0.543  0.046     0.638  0.036     0.662  0.029     0.686  0.033     0.740  0.030
  2011     1     0.559  0.058     0.646  0.036     0.663  0.029     0.691  0.033     0.742  0.031
  2011     2     0.530  0.046     0.650  0.036     0.665  0.030     0.695  0.033     0.743  0.031
  2011     3     0.629  0.059     0.645  0.035     0.668  0.030     0.700  0.032     0.744  0.031
  2011     4     0.662  0.052     0.638  0.034     0.668  0.031     0.705  0.032     0.745  0.031
  2011     5     0.530  0.034     0.621  0.033     0.671  0.031     0.708  0.032     0.746  0.031
  2011     6     0.671  0.047     0.625  0.032     0.673  0.032     0.710  0.032     0.747  0.031
  2011     7     0.753  0.074     0.615  0.032     0.675  0.032     0.713  0.031     0.749  0.031
  2011     8     0.740  0.061     0.611  0.032     0.675  0.032     0.716  0.031     0.750  0.031
  2011     9     0.601  0.070     0.597  0.032     0.679  0.032     0.718  0.031     0.752  0.031
  2011    10     0.678  0.076     0.601  0.031     0.682  0.031     0.720  0.031     0.754  0.031
  2011    11     0.553  0.068     0.619  0.033     0.686  0.031     0.722  0.031     0.755  0.031
  2011    12     0.589  0.052     0.624  0.037     0.685  0.031     0.723  0.031     0.756  0.031
  2012     1     0.445  0.043     0.612  0.037     0.683  0.031     0.723  0.031     0.757  0.031
  2012     2     0.480  0.068     0.609  0.036     0.685  0.032     0.727  0.031     0.757  0.031
  2012     3     0.463  0.046     0.619  0.031     0.688  0.032     0.731  0.031     0.758  0.031
  2012     4     0.701  0.051     0.635  0.029     0.689  0.033     0.732  0.031     0.759  0.031
  2012     5     0.756  0.054     0.655  0.027     0.688  0.033     0.734  0.031     0.760  0.032
  2012     6     0.733  0.049     0.654  0.027     0.688  0.034     0.736  0.031     0.761  0.031
  2012     7     0.599  0.069     0.674  0.026     0.689  0.034     0.737  0.031     0.763  0.031
  2012     8     0.704  0.059     0.683  0.026     0.689  0.035     0.740  0.031     0.764  0.031
  2012     9     0.731  0.044     0.694  0.026     0.688  0.035     0.743  0.031     0.765  0.031
  2012    10     0.867  0.058     0.685  0.027     0.686  0.035     0.745  0.031     0.767  0.031
  2012    11     0.793  0.036     0.674  0.028     0.687  0.035     0.747  0.031     0.768  0.031
  2012    12     0.574  0.047     0.673  0.029     0.689  0.035     0.751  0.032     0.769  0.031
  2013     1     0.692  0.044     0.674  0.032     0.692  0.035     0.755  0.032     0.770  0.032
  2013     2     0.580  0.085     0.674  0.036     0.696  0.035     0.760  0.032     0.771  0.032
  2013     3     0.602  0.062     0.678  0.040     0.700  0.035     0.762  0.033     0.774  0.032
  2013     4     0.590  0.056     0.662  0.044     0.705  0.034     0.765  0.033     0.776  0.032
  2013     5     0.628  0.047     0.664  0.047     0.709  0.034     0.768  0.033     0.777  0.032
  2013     6     0.713  0.069     0.676  0.049     0.719  0.034     0.771  0.033     0.780  0.032
  2013     7     0.610  0.096     0.680  0.050     0.729  0.034     0.773  0.033     0.783  0.032
  2013     8     0.714  0.076     0.678  0.051     0.742  0.034     0.775  0.033     0.786  0.032
  2013     9     0.771  0.064     0.688  0.053     0.752  0.035     0.777  0.033     0.789  0.032
  2013    10     0.675  0.088     0.705  0.055     0.760  0.035     0.780  0.033     0.792  0.032
  2013    11     0.814  0.079     0.720  0.056     0.767  0.035     0.781  0.033     0.795  0.032
  2013    12     0.719  0.084     0.717  0.056     0.771  0.036     0.784  0.033     0.798  0.032
  2014     1     0.748  0.068     0.720  0.054     0.773  0.036     0.786  0.033     0.801  0.032
  2014     2     0.548  0.093     0.732  0.052     0.778  0.036     0.789  0.033     0.803  0.032
  2014     3     0.731  0.081     0.738  0.053     0.784  0.036     0.795  0.033     0.806  0.032
  2014     4     0.792  0.072     0.751  0.050     0.788  0.036     0.798  0.033     0.809  0.032
  2014     5     0.807  0.080     0.737  0.047     0.795  0.036     0.801  0.033     0.812  0.032
  2014     6     0.677  0.074     0.743  0.048     0.800  0.036     0.802  0.033     0.815  0.032
  2014     7     0.646  0.060     0.749  0.051     0.810  0.036     0.804  0.033     0.819  0.032
  2014     8     0.851  0.063     0.773  0.050     0.821  0.037     0.806  0.033     0.823  0.032
  2014     9     0.850  0.071     0.782  0.049     0.832  0.037     0.808  0.034     0.826  0.032
  2014    10     0.825  0.067     0.782  0.050     0.837  0.037     0.811  0.034     0.829  0.032
  2014    11     0.654  0.059     0.782  0.049     0.840  0.037     0.813  0.034     0.831  0.032
  2014    12     0.783  0.079     0.794  0.048     0.840  0.037     0.816  0.035     0.835  0.032
  2015     1     0.820  0.087     0.808  0.048     0.845  0.037     0.819  0.035     0.837  0.032
  2015     2     0.837  0.078     0.813  0.045     0.848  0.038     0.822  0.035     0.840  0.032
  2015     3     0.840  0.074     0.818  0.042     0.850  0.039     0.824  0.035       NaN    NaN
  2015     4     0.788  0.077     0.838  0.040     0.851  0.039     0.826  0.035       NaN    NaN
  2015     5     0.813  0.039     0.868  0.042     0.851  0.040     0.828  0.035       NaN    NaN
  2015     6     0.825  0.053     0.898  0.040     0.857  0.041     0.830  0.035       NaN    NaN
  2015     7     0.812  0.058     0.928  0.037     0.860  0.041     0.833  0.035       NaN    NaN
  2015     8     0.909  0.044     0.965  0.036     0.864  0.042     0.835  0.035       NaN    NaN
  2015     9     0.903  0.045     1.000  0.035     0.868  0.043     0.838  0.035       NaN    NaN
  2015    10     1.076  0.071     1.027  0.033     0.874  0.043     0.839  0.035       NaN    NaN
  2015    11     1.005  0.062     1.041  0.037     0.877  0.044     0.842  0.035       NaN    NaN
  2015    12     1.152  0.069     1.044  0.041     0.879  0.044     0.844  0.035       NaN    NaN
  2016     1     1.177  0.069     1.053  0.043     0.883  0.044     0.847  0.035       NaN    NaN
  2016     2     1.281  0.062     1.064  0.047     0.885  0.043     0.848  0.035       NaN    NaN
  2016     3     1.259  0.070     1.066  0.046     0.886  0.042     0.849  0.035       NaN    NaN
  2016     4     1.118  0.049     1.055  0.047     0.891  0.041     0.851  0.035       NaN    NaN
  2016     5     0.978  0.072     1.050  0.046     0.891  0.041     0.853  0.035       NaN    NaN
  2016     6     0.862  0.064     1.031  0.045     0.895  0.041     0.855  0.036       NaN    NaN
  2016     7     0.916  0.063     1.019  0.045     0.897  0.041     0.856  0.036       NaN    NaN
  2016     8     1.039  0.067     1.006  0.046     0.903  0.041     0.858  0.036       NaN    NaN
  2016     9     0.927  0.042     0.997  0.046     0.910  0.040     0.861  0.036       NaN    NaN
  2016    10     0.952  0.063     0.984  0.046     0.914  0.040     0.864  0.036       NaN    NaN
  2016    11     0.944  0.073     0.980  0.044     0.916  0.040     0.867  0.036       NaN    NaN
  2016    12     0.922  0.057     0.973  0.042     0.919  0.040     0.869  0.035       NaN    NaN
  2017     1     1.028  0.068     0.968  0.043     0.925  0.040     0.873  0.036       NaN    NaN
  2017     2     1.132  0.080     0.957  0.044     0.927  0.040     0.876  0.036       NaN    NaN
  2017     3     1.151  0.076     0.948  0.043     0.928  0.040     0.880  0.036       NaN    NaN
  2017     4     0.952  0.073     0.947  0.041     0.933  0.041     0.882  0.036       NaN    NaN
  2017     5     0.937  0.046     0.938  0.042     0.939  0.041     0.882  0.036       NaN    NaN
  2017     6     0.778  0.043     0.938  0.045     0.944  0.041     0.884  0.036       NaN    NaN
  2017     7     0.853  0.065     0.922  0.046     0.950  0.040     0.887  0.036       NaN    NaN
  2017     8     0.912  0.068     0.899  0.047     0.955  0.040     0.889  0.037       NaN    NaN
  2017     9     0.818  0.050     0.874  0.050     0.960  0.040     0.891  0.037       NaN    NaN
  2017    10     0.931  0.041     0.871  0.051     0.966  0.039     0.892  0.037       NaN    NaN
  2017    11     0.839  0.089     0.862  0.051     0.969  0.038     0.892  0.038       NaN    NaN
  2017    12     0.926  0.087     0.866  0.053     0.971  0.038     0.895  0.038       NaN    NaN
  2018     1     0.831  0.081     0.866  0.055     0.974  0.039     0.896  0.038       NaN    NaN
  2018     2     0.855  0.089     0.861  0.053     0.974  0.039     0.899  0.039       NaN    NaN
  2018     3     0.860  0.099     0.860  0.051     0.976  0.039     0.904  0.039       NaN    NaN
  2018     4     0.915  0.076     0.865  0.050     0.973  0.039     0.908  0.039       NaN    NaN
  2018     5     0.820  0.050     0.863  0.048     0.975  0.039     0.910  0.039       NaN    NaN
  2018     6     0.826  0.056     0.864  0.045     0.970  0.039     0.914  0.039       NaN    NaN
  2018     7     0.858  0.048     0.869  0.042     0.964  0.038     0.920  0.039       NaN    NaN
  2018     8     0.854  0.079     0.874  0.039     0.954  0.038     0.925  0.039       NaN    NaN
  2018     9     0.800  0.052     0.897  0.038     0.946  0.038     0.931  0.039       NaN    NaN
  2018    10     0.991  0.045     0.907  0.037     0.941  0.038     0.937  0.039       NaN    NaN
  2018    11     0.820  0.070     0.913  0.036     0.939  0.038     0.942  0.039       NaN    NaN
  2018    12     0.935  0.062     0.919  0.037     0.938  0.037     0.947  0.039       NaN    NaN
  2019     1     0.896  0.045     0.929  0.037     0.938  0.038     0.952  0.039       NaN    NaN
  2019     2     0.917  0.059     0.940  0.038     0.937  0.037     0.958  0.039       NaN    NaN
  2019     3     1.132  0.074     0.949  0.039     0.937  0.037     0.963  0.039       NaN    NaN
  2019     4     1.037  0.059     0.958  0.042     0.939  0.036     0.967  0.038       NaN    NaN
  2019     5     0.888  0.047     0.974  0.043     0.939  0.036     0.970  0.038       NaN    NaN
  2019     6     0.896  0.058     0.989  0.044     0.938  0.036     0.975  0.038       NaN    NaN
  2019     7     0.978  0.071     1.011  0.045     0.936  0.036     0.980  0.038       NaN    NaN
  2019     8     0.988  0.076     1.033  0.045     0.931  0.036     0.984  0.038       NaN    NaN
  2019     9     0.911  0.071     1.032  0.044     0.929  0.036     0.987  0.037       NaN    NaN
  2019    10     1.100  0.076     1.041  0.043     0.927  0.036     0.992  0.037       NaN    NaN
  2019    11     1.006  0.074     1.049  0.040     0.925  0.036     0.998  0.038       NaN    NaN
  2019    12     1.118  0.071     1.053  0.039     0.929  0.036     1.002  0.038       NaN    NaN
  2020     1     1.161  0.060     1.054  0.040     0.930  0.037     1.007  0.038       NaN    NaN
  2020     2     1.180  0.085     1.050  0.039     0.931  0.036     1.010  0.038       NaN    NaN
  2020     3     1.116  0.049     1.056  0.038     0.932  0.037       NaN    NaN       NaN    NaN
  2020     4     1.153  0.041     1.042  0.035     0.934  0.037       NaN    NaN       NaN    NaN
  2020     5     0.979  0.062     1.051  0.032     0.932  0.037       NaN    NaN       NaN    NaN
  2020     6     0.949  0.046     1.027  0.031     0.932  0.037       NaN    NaN       NaN    NaN
  2020     7     0.991  0.052     1.001  0.030     0.933  0.037       NaN    NaN       NaN    NaN
  2020     8     0.930  0.068     0.957  0.028     0.934  0.037       NaN    NaN       NaN    NaN
  2020     9     0.984  0.070     0.930  0.029     0.939  0.037       NaN    NaN       NaN    NaN
  2020    10     0.939  0.063     0.902  0.031     0.941  0.037       NaN    NaN       NaN    NaN
  2020    11     1.106  0.077     0.890  0.034     0.944  0.037       NaN    NaN       NaN    NaN
  2020    12     0.838  0.064     0.882  0.035     0.949  0.036       NaN    NaN       NaN    NaN
  2021     1     0.843  0.056     0.875  0.036     0.956  0.036       NaN    NaN       NaN    NaN
  2021     2     0.656  0.051     0.876  0.037     0.964  0.037       NaN    NaN       NaN    NaN
  2021     3     0.791  0.072     0.874  0.039     0.976  0.037       NaN    NaN       NaN    NaN
  2021     4     0.820  0.067     0.884  0.037     0.983  0.037       NaN    NaN       NaN    NaN
  2021     5     0.833  0.043     0.870  0.037     0.993  0.037       NaN    NaN       NaN    NaN
  2021     6     0.849  0.052     0.872  0.036     1.000  0.038       NaN    NaN       NaN    NaN
  2021     7     0.917  0.069     0.876  0.037     1.006  0.038       NaN    NaN       NaN    NaN
  2021     8     0.936  0.076     0.892  0.039     1.013  0.038       NaN    NaN       NaN    NaN
  2021     9     0.961  0.071     0.910  0.041     1.016  0.038       NaN    NaN       NaN    NaN
  2021    10     1.057  0.048     0.912  0.043     1.020  0.038       NaN    NaN       NaN    NaN
  2021    11     0.940  0.079     0.912  0.048     1.024  0.038       NaN    NaN       NaN    NaN
  2021    12     0.863  0.045     0.924  0.049     1.030  0.037       NaN    NaN       NaN    NaN
  2022     1     0.893  0.066     0.927  0.048     1.035  0.037       NaN    NaN       NaN    NaN
  2022     2     0.840  0.060     0.928  0.049     1.041  0.036       NaN    NaN       NaN    NaN
  2022     3     1.007  0.089     0.923  0.050     1.047  0.036       NaN    NaN       NaN    NaN
  2022     4     0.849  0.062     0.922  0.051     1.051  0.036       NaN    NaN       NaN    NaN
  2022     5     0.828  0.077     0.905  0.051     1.057  0.036       NaN    NaN       NaN    NaN
  2022     6     0.993  0.062     0.908  0.052     1.060  0.036       NaN    NaN       NaN    NaN
  2022     7     0.956  0.077     0.907  0.053     1.064  0.036       NaN    NaN       NaN    NaN
  2022     8     0.948  0.055     0.914  0.056     1.064  0.037       NaN    NaN       NaN    NaN
  2022     9     0.896  0.082     0.929  0.055       NaN    NaN       NaN    NaN       NaN    NaN
  2022    10     1.045  0.058     0.944  0.054       NaN    NaN       NaN    NaN       NaN    NaN
  2022    11     0.743  0.062     0.955  0.051       NaN    NaN       NaN    NaN       NaN    NaN
  2022    12     0.902  0.069     0.969  0.051       NaN    NaN       NaN    NaN       NaN    NaN
  2023     1     0.876  0.087     0.996  0.049       NaN    NaN       NaN    NaN       NaN    NaN
  2023     2     0.921  0.088     1.028  0.047       NaN    NaN       NaN    NaN       NaN    NaN
  2023     3     1.188  0.059     1.078  0.046       NaN    NaN       NaN    NaN       NaN    NaN
  2023     4     1.025  0.061     1.108  0.044       NaN    NaN       NaN    NaN       NaN    NaN
  2023     5     0.968  0.049     1.163  0.044       NaN    NaN       NaN    NaN       NaN    NaN
  2023     6     1.158  0.040     1.203  0.044       NaN    NaN       NaN    NaN       NaN    NaN
  2023     7     1.280  0.044     1.235  0.039       NaN    NaN       NaN    NaN       NaN    NaN
  2023     8     1.335  0.055     1.271  0.039       NaN    NaN       NaN    NaN       NaN    NaN
  2023     9     1.489  0.078     1.278  0.041       NaN    NaN       NaN    NaN       NaN    NaN
  2023    10     1.408  0.042     1.299  0.040       NaN    NaN       NaN    NaN       NaN    NaN
  2023    11     1.410  0.075     1.317  0.039       NaN    NaN       NaN    NaN       NaN    NaN
  2023    12     1.382  0.083     1.323  0.036       NaN    NaN       NaN    NaN       NaN    NaN
  2024     1     1.255  0.038     1.321  0.037       NaN    NaN       NaN    NaN       NaN    NaN
  2024     2     1.357  0.072     1.321  0.036       NaN    NaN       NaN    NaN       NaN    NaN
  2024     3     1.267  0.073     1.304  0.034       NaN    NaN       NaN    NaN       NaN    NaN
  2024     4     1.278  0.047     1.301  0.035       NaN    NaN       NaN    NaN       NaN    NaN
  2024     5     1.181  0.051     1.296  0.037       NaN    NaN       NaN    NaN       NaN    NaN
  2024     6     1.229  0.049     1.290  0.038       NaN    NaN       NaN    NaN       NaN    NaN
  2024     7     1.258  0.079     1.300  0.040       NaN    NaN       NaN    NaN       NaN    NaN
  2024     8     1.339  0.046     1.288  0.042       NaN    NaN       NaN    NaN       NaN    NaN
  2024     9     1.282  0.094       NaN    NaN       NaN    NaN       NaN    NaN       NaN    NaN
  2024    10     1.372  0.086       NaN    NaN       NaN    NaN       NaN    NaN       NaN    NaN
  2024    11     1.353  0.092       NaN    NaN       NaN    NaN       NaN    NaN       NaN    NaN
  2024    12     1.307  0.078       NaN    NaN       NaN    NaN       NaN    NaN       NaN    NaN
  2025     1     1.376  0.096       NaN    NaN       NaN    NaN       NaN    NaN       NaN    NaN
  2025     2     1.213  0.096       NaN    NaN       NaN    NaN       NaN    NaN       NaN    NaN
